id;user_id;category;title;body;link;read;created_at;analysis_request_id;severity;agent_name;event_type;navigation_target;navigation_id;analysis_title;metadata;updated_at
fa72f191-22a7-4e40-9c38-b5997708a0a2;e87e1f6b-1658-4aee-b7d7-3de7970dccc4;analysis;Discovery Galaxy opened;Live agent orchestration started for this analysis.;/discovery/85f1ee3d-17e8-46c8-ab21-5a00ba31ef18;false;2026-07-29 11:43:14.220895+00;85f1ee3d-17e8-46c8-ab21-5a00ba31ef18;info;;galaxy.opened;;;;{};2026-07-29 11:43:14.220895+00
d2f4ce28-a283-492c-8f79-58807deebcaa;e87e1f6b-1658-4aee-b7d7-3de7970dccc4;agent;Feasibility Analysis started;Feasibility Analysis agent began working on your idea.;/discovery/85f1ee3d-17e8-46c8-ab21-5a00ba31ef18;false;2026-07-29 11:43:14.929171+00;85f1ee3d-17e8-46c8-ab21-5a00ba31ef18;info;Feasibility Analysis;agent.started;discovery;85f1ee3d-17e8-46c8-ab21-5a00ba31ef18;;"{""agent_key"":""feasibility""}";2026-07-29 11:43:14.929171+00
527f11b2-b696-4961-84fd-dcbe2357017f;e87e1f6b-1658-4aee-b7d7-3de7970dccc4;agent;Gap Analysis started;Gap Analysis agent began working on your idea.;/discovery/85f1ee3d-17e8-46c8-ab21-5a00ba31ef18;false;2026-07-29 11:43:15.077724+00;85f1ee3d-17e8-46c8-ab21-5a00ba31ef18;info;Gap Analysis;agent.started;discovery;85f1ee3d-17e8-46c8-ab21-5a00ba31ef18;;"{""agent_key"":""gap""}";2026-07-29 11:43:15.077724+00
b276be47-3945-4021-936e-4892416d9428;e87e1f6b-1658-4aee-b7d7-3de7970dccc4;error;Feasibility Analysis failed;Feasibility Analysis agent could not be started.;/discovery/85f1ee3d-17e8-46c8-ab21-5a00ba31ef18;false;2026-07-29 11:43:15.230991+00;85f1ee3d-17e8-46c8-ab21-5a00ba31ef18;error;Feasibility Analysis;agent.failed;discovery;85f1ee3d-17e8-46c8-ab21-5a00ba31ef18;Algorithm-Free Social Content Sharing;"{""agent_key"":""feasibility""}";2026-07-29 11:43:15.230991+00
fc45c5a5-96fe-4334-a639-02eb374326c3;e87e1f6b-1658-4aee-b7d7-3de7970dccc4;error;Gap Analysis failed;Gap Analysis agent could not be started.;/discovery/85f1ee3d-17e8-46c8-ab21-5a00ba31ef18;false;2026-07-29 11:43:15.379612+00;85f1ee3d-17e8-46c8-ab21-5a00ba31ef18;error;Gap Analysis;agent.failed;discovery;85f1ee3d-17e8-46c8-ab21-5a00ba31ef18;Algorithm-Free Social Content Sharing;"{""agent_key"":""gap""}";2026-07-29 11:43:15.379612+00
5628faed-3ac8-4ab6-9dfe-3ca1926a98e6;e87e1f6b-1658-4aee-b7d7-3de7970dccc4;analysis;Discovery Galaxy opened;Live agent orchestration started for this analysis.;/discovery/85f1ee3d-17e8-46c8-ab21-5a00ba31ef18;false;2026-07-29 11:47:32.985394+00;85f1ee3d-17e8-46c8-ab21-5a00ba31ef18;info;;galaxy.opened;;;;{};2026-07-29 11:47:32.985394+00
726f2aab-d45f-42f9-a5ab-44c412864325;e87e1f6b-1658-4aee-b7d7-3de7970dccc4;agent;Gap Analysis started;Gap Analysis agent began working on your idea.;/discovery/85f1ee3d-17e8-46c8-ab21-5a00ba31ef18;false;2026-07-29 11:47:33.705981+00;85f1ee3d-17e8-46c8-ab21-5a00ba31ef18;info;Gap Analysis;agent.started;discovery;85f1ee3d-17e8-46c8-ab21-5a00ba31ef18;;"{""agent_key"":""gap""}";2026-07-29 11:47:33.705981+00
c65ff826-c9d8-4c96-9d72-f8b029e0a91e;e87e1f6b-1658-4aee-b7d7-3de7970dccc4;agent;Feasibility Analysis started;Feasibility Analysis agent began working on your idea.;/discovery/85f1ee3d-17e8-46c8-ab21-5a00ba31ef18;false;2026-07-29 11:47:33.846153+00;85f1ee3d-17e8-46c8-ab21-5a00ba31ef18;info;Feasibility Analysis;agent.started;discovery;85f1ee3d-17e8-46c8-ab21-5a00ba31ef18;;"{""agent_key"":""feasibility""}";2026-07-29 11:47:33.846153+00
39d48a85-4aa9-46de-b9b0-78ad4f591edd;e87e1f6b-1658-4aee-b7d7-3de7970dccc4;error;Feasibility Analysis failed;Feasibility Analysis agent could not be started.;/discovery/85f1ee3d-17e8-46c8-ab21-5a00ba31ef18;false;2026-07-29 11:47:34.2833+00;85f1ee3d-17e8-46c8-ab21-5a00ba31ef18;error;Feasibility Analysis;agent.failed;discovery;85f1ee3d-17e8-46c8-ab21-5a00ba31ef18;Algorithm-Free Social Content Sharing;"{""agent_key"":""feasibility""}";2026-07-29 11:47:34.2833+00
daecd3d7-94b1-403a-9fbc-8e2e7cbda9e6;e87e1f6b-1658-4aee-b7d7-3de7970dccc4;error;Gap Analysis failed;Gap Analysis agent could not be started.;/discovery/85f1ee3d-17e8-46c8-ab21-5a00ba31ef18;false;2026-07-29 11:47:34.420328+00;85f1ee3d-17e8-46c8-ab21-5a00ba31ef18;error;Gap Analysis;agent.failed;discovery;85f1ee3d-17e8-46c8-ab21-5a00ba31ef18;Algorithm-Free Social Content Sharing;"{""agent_key"":""gap""}";2026-07-29 11:47:34.420328+00
cc00a919-ae58-41b5-9af3-752cbb308dd1;e87e1f6b-1658-4aee-b7d7-3de7970dccc4;analysis;Discovery Galaxy opened;Live agent orchestration started for this analysis.;/discovery/85f1ee3d-17e8-46c8-ab21-5a00ba31ef18;false;2026-07-29 11:49:03.952447+00;85f1ee3d-17e8-46c8-ab21-5a00ba31ef18;info;;galaxy.opened;;;;{};2026-07-29 11:49:03.952447+00
9f161200-b480-4beb-97f6-71c5b866a8a3;e87e1f6b-1658-4aee-b7d7-3de7970dccc4;agent;Gap Analysis started;Gap Analysis agent began working on your idea.;/discovery/85f1ee3d-17e8-46c8-ab21-5a00ba31ef18;false;2026-07-29 11:49:04.725047+00;85f1ee3d-17e8-46c8-ab21-5a00ba31ef18;info;Gap Analysis;agent.started;discovery;85f1ee3d-17e8-46c8-ab21-5a00ba31ef18;;"{""agent_key"":""gap""}";2026-07-29 11:49:04.725047+00
13b6f25e-f67e-4c0d-9580-a6797daffb93;e87e1f6b-1658-4aee-b7d7-3de7970dccc4;agent;Feasibility Analysis started;Feasibility Analysis agent began working on your idea.;/discovery/85f1ee3d-17e8-46c8-ab21-5a00ba31ef18;false;2026-07-29 11:49:04.872503+00;85f1ee3d-17e8-46c8-ab21-5a00ba31ef18;info;Feasibility Analysis;agent.started;discovery;85f1ee3d-17e8-46c8-ab21-5a00ba31ef18;;"{""agent_key"":""feasibility""}";2026-07-29 11:49:04.872503+00
f09176c7-291f-406b-9d16-2d90b3a51b1d;e87e1f6b-1658-4aee-b7d7-3de7970dccc4;error;Gap Analysis failed;Gap Analysis agent could not be started.;/discovery/85f1ee3d-17e8-46c8-ab21-5a00ba31ef18;false;2026-07-29 11:49:05.332773+00;85f1ee3d-17e8-46c8-ab21-5a00ba31ef18;error;Gap Analysis;agent.failed;discovery;85f1ee3d-17e8-46c8-ab21-5a00ba31ef18;Algorithm-Free Social Content Sharing;"{""agent_key"":""gap""}";2026-07-29 11:49:05.332773+00
0907431b-06b8-4ce4-ae28-b2e5adae5363;e87e1f6b-1658-4aee-b7d7-3de7970dccc4;error;Feasibility Analysis failed;Feasibility Analysis agent could not be started.;/discovery/85f1ee3d-17e8-46c8-ab21-5a00ba31ef18;false;2026-07-29 11:49:05.484851+00;85f1ee3d-17e8-46c8-ab21-5a00ba31ef18;error;Feasibility Analysis;agent.failed;discovery;85f1ee3d-17e8-46c8-ab21-5a00ba31ef18;Algorithm-Free Social Content Sharing;"{""agent_key"":""feasibility""}";2026-07-29 11:49:05.484851+00
0a47ae51-8c67-4288-b98c-a9f834f7be87;e87e1f6b-1658-4aee-b7d7-3de7970dccc4;analysis;New analysis created;Fitness app to capture calories, diet plan, exe was queued for the discovery agents.;/discovery/25b97cb3-005a-404e-b3d6-be13e9f2717e;false;2026-07-29 12:01:34.407638+00;25b97cb3-005a-404e-b3d6-be13e9f2717e;success;;analysis.created;discovery;25b97cb3-005a-404e-b3d6-be13e9f2717e;Fitness app to capture calories, diet plan, exe;"{""industry"":null,""input_type"":""text""}";2026-07-29 12:01:34.407638+00
b604f767-9162-4e17-82a9-661bb9e7a95e;e87e1f6b-1658-4aee-b7d7-3de7970dccc4;error;Could not start the analysis pipeline;The analysis workflow isn't active in n8n. Activate the workflow (or click 'Execute workflow' for test URLs) and try again.;/discovery/25b97cb3-005a-404e-b3d6-be13e9f2717e;false;2026-07-29 12:01:35.783754+00;25b97cb3-005a-404e-b3d6-be13e9f2717e;error;;webhook.failed;;;Fitness app to capture calories, diet plan, exe;{};2026-07-29 12:01:35.783754+00
47a2d925-a815-43e3-9457-84e7fb190b7e;e87e1f6b-1658-4aee-b7d7-3de7970dccc4;analysis;Discovery Galaxy opened;Live agent orchestration started for this analysis.;/discovery/85f1ee3d-17e8-46c8-ab21-5a00ba31ef18;false;2026-07-29 12:01:39.339243+00;85f1ee3d-17e8-46c8-ab21-5a00ba31ef18;info;;galaxy.opened;;;;{};2026-07-29 12:01:39.339243+00
1c1b5744-3433-4787-ae70-d85986d27848;e87e1f6b-1658-4aee-b7d7-3de7970dccc4;agent;Feasibility Analysis started;Feasibility Analysis agent began working on your idea.;/discovery/85f1ee3d-17e8-46c8-ab21-5a00ba31ef18;false;2026-07-29 12:01:40.09963+00;85f1ee3d-17e8-46c8-ab21-5a00ba31ef18;info;Feasibility Analysis;agent.started;discovery;85f1ee3d-17e8-46c8-ab21-5a00ba31ef18;;"{""agent_key"":""feasibility""}";2026-07-29 12:01:40.09963+00
b31c8216-43f9-4a12-be2d-6229908a0669;e87e1f6b-1658-4aee-b7d7-3de7970dccc4;agent;Gap Analysis started;Gap Analysis agent began working on your idea.;/discovery/85f1ee3d-17e8-46c8-ab21-5a00ba31ef18;false;2026-07-29 12:01:40.244905+00;85f1ee3d-17e8-46c8-ab21-5a00ba31ef18;info;Gap Analysis;agent.started;discovery;85f1ee3d-17e8-46c8-ab21-5a00ba31ef18;;"{""agent_key"":""gap""}";2026-07-29 12:01:40.244905+00
cec0dabc-8731-4d95-a8b9-5e898e9fb804;e87e1f6b-1658-4aee-b7d7-3de7970dccc4;error;Gap Analysis failed;Gap Analysis agent could not be started.;/discovery/85f1ee3d-17e8-46c8-ab21-5a00ba31ef18;false;2026-07-29 12:01:40.382416+00;85f1ee3d-17e8-46c8-ab21-5a00ba31ef18;error;Gap Analysis;agent.failed;discovery;85f1ee3d-17e8-46c8-ab21-5a00ba31ef18;Algorithm-Free Social Content Sharing;"{""agent_key"":""gap""}";2026-07-29 12:01:40.382416+00
d102ad32-7408-4971-a6f9-bde44d521700;e87e1f6b-1658-4aee-b7d7-3de7970dccc4;error;Feasibility Analysis failed;Feasibility Analysis agent could not be started.;/discovery/85f1ee3d-17e8-46c8-ab21-5a00ba31ef18;false;2026-07-29 12:01:40.519974+00;85f1ee3d-17e8-46c8-ab21-5a00ba31ef18;error;Feasibility Analysis;agent.failed;discovery;85f1ee3d-17e8-46c8-ab21-5a00ba31ef18;Algorithm-Free Social Content Sharing;"{""agent_key"":""feasibility""}";2026-07-29 12:01:40.519974+00
d0f42b96-b2d5-4289-8efa-4d414f715f06;e87e1f6b-1658-4aee-b7d7-3de7970dccc4;download;Report downloaded;The discovery report for Personalized Income and Business Path Finder was downloaded.;/discovery/cc1d1a12-2e9f-4577-abfb-ea8870887eb6;false;2026-07-29 12:02:20.733377+00;cc1d1a12-2e9f-4577-abfb-ea8870887eb6;success;;report.downloaded;report;cc1d1a12-2e9f-4577-abfb-ea8870887eb6;Personalized Income and Business Path Finder;{};2026-07-29 12:02:20.733377+00
ac0d8667-d3a8-4fc8-a0c9-5a0c9d3102a4;e87e1f6b-1658-4aee-b7d7-3de7970dccc4;analysis;New analysis created;An fitness app to capture calories, diet plan, execrise was queued for the discovery agents.;/discovery/2bf0ec4f-c1b6-4176-8b66-470c1f419941;false;2026-07-29 12:10:37.179463+00;2bf0ec4f-c1b6-4176-8b66-470c1f419941;success;;analysis.created;discovery;2bf0ec4f-c1b6-4176-8b66-470c1f419941;An fitness app to capture calories, diet plan, execrise;"{""industry"":null,""input_type"":""text""}";2026-07-29 12:10:37.179463+00
4576c8ad-d9ae-4838-a7a0-719f2bba9910;e87e1f6b-1658-4aee-b7d7-3de7970dccc4;error;Could not start the analysis pipeline;The analysis workflow isn't active in n8n. Activate the workflow (or click 'Execute workflow' for test URLs) and try again.;/discovery/2bf0ec4f-c1b6-4176-8b66-470c1f419941;false;2026-07-29 12:10:38.894164+00;2bf0ec4f-c1b6-4176-8b66-470c1f419941;error;;webhook.failed;;;An fitness app to capture calories, diet plan, execrise;{};2026-07-29 12:10:38.894164+00
cb81b21b-5a3a-41be-b1dc-45d051417f04;e87e1f6b-1658-4aee-b7d7-3de7970dccc4;analysis;Discovery Galaxy opened;Live agent orchestration started for this analysis.;/discovery/85f1ee3d-17e8-46c8-ab21-5a00ba31ef18;false;2026-07-29 12:10:43.768212+00;85f1ee3d-17e8-46c8-ab21-5a00ba31ef18;info;;galaxy.opened;;;;{};2026-07-29 12:10:43.768212+00
01934cb5-92c8-42dd-8289-09c3da5f2fbd;e87e1f6b-1658-4aee-b7d7-3de7970dccc4;agent;Gap Analysis started;Gap Analysis agent began working on your idea.;/discovery/85f1ee3d-17e8-46c8-ab21-5a00ba31ef18;false;2026-07-29 12:10:44.490286+00;85f1ee3d-17e8-46c8-ab21-5a00ba31ef18;info;Gap Analysis;agent.started;discovery;85f1ee3d-17e8-46c8-ab21-5a00ba31ef18;;"{""agent_key"":""gap""}";2026-07-29 12:10:44.490286+00
509e25da-e3f6-4931-b29a-232695b2fe58;e87e1f6b-1658-4aee-b7d7-3de7970dccc4;agent;Feasibility Analysis started;Feasibility Analysis agent began working on your idea.;/discovery/85f1ee3d-17e8-46c8-ab21-5a00ba31ef18;false;2026-07-29 12:10:44.63421+00;85f1ee3d-17e8-46c8-ab21-5a00ba31ef18;info;Feasibility Analysis;agent.started;discovery;85f1ee3d-17e8-46c8-ab21-5a00ba31ef18;;"{""agent_key"":""feasibility""}";2026-07-29 12:10:44.63421+00
12f47ea6-2d22-47ca-9ef7-a426cda7f3fd;e87e1f6b-1658-4aee-b7d7-3de7970dccc4;error;Gap Analysis failed;Gap Analysis agent could not be started.;/discovery/85f1ee3d-17e8-46c8-ab21-5a00ba31ef18;false;2026-07-29 12:10:44.772811+00;85f1ee3d-17e8-46c8-ab21-5a00ba31ef18;error;Gap Analysis;agent.failed;discovery;85f1ee3d-17e8-46c8-ab21-5a00ba31ef18;Algorithm-Free Social Content Sharing;"{""agent_key"":""gap""}";2026-07-29 12:10:44.772811+00
cdc7d91a-0085-4006-b56b-d7fad591f563;e87e1f6b-1658-4aee-b7d7-3de7970dccc4;error;Feasibility Analysis failed;Feasibility Analysis agent could not be started.;/discovery/85f1ee3d-17e8-46c8-ab21-5a00ba31ef18;false;2026-07-29 12:10:44.912709+00;85f1ee3d-17e8-46c8-ab21-5a00ba31ef18;error;Feasibility Analysis;agent.failed;discovery;85f1ee3d-17e8-46c8-ab21-5a00ba31ef18;Algorithm-Free Social Content Sharing;"{""agent_key"":""feasibility""}";2026-07-29 12:10:44.912709+00
0537b433-19a4-48b8-965b-ba0eccfeb302;e87e1f6b-1658-4aee-b7d7-3de7970dccc4;agent;Market Research retry initiated;A new attempt was started for this agent.;/discovery/85f1ee3d-17e8-46c8-ab21-5a00ba31ef18;false;2026-07-29 12:11:38.886187+00;85f1ee3d-17e8-46c8-ab21-5a00ba31ef18;warning;Market Research;agent.retried;;;Algorithm-Free Social Content Sharing;{};2026-07-29 12:11:38.886187+00
152fc998-8140-4382-bbc7-d6046b26016f;e87e1f6b-1658-4aee-b7d7-3de7970dccc4;auth;Signed out;You signed out of AI Idea Forge.;/settings;false;2026-07-29 12:30:54.099938+00;;info;;auth.signed_out;profile;;;{};2026-07-29 12:30:54.099938+00
03824356-6a02-4ace-8bd6-5d0de3c15275;651ce83c-c112-48b0-adb1-f273a478b269;analysis;Discovery Galaxy opened;Live agent orchestration started for this analysis.;/discovery/cc1d1a12-2e9f-4577-abfb-ea8870887eb6;false;2026-07-29 12:32:58.827342+00;cc1d1a12-2e9f-4577-abfb-ea8870887eb6;info;;galaxy.opened;;;;{};2026-07-29 12:32:58.827342+00
f3bf86d7-cbc3-4bd2-bafd-894ccf972853;651ce83c-c112-48b0-adb1-f273a478b269;agent;Feasibility Analysis started;Feasibility Analysis agent began working on your idea.;/discovery/cc1d1a12-2e9f-4577-abfb-ea8870887eb6;false;2026-07-29 12:32:59.558043+00;cc1d1a12-2e9f-4577-abfb-ea8870887eb6;info;Feasibility Analysis;agent.started;discovery;cc1d1a12-2e9f-4577-abfb-ea8870887eb6;;"{""agent_key"":""feasibility""}";2026-07-29 12:32:59.558043+00
1a57fb19-8382-4f79-994b-11c3b166b33f;651ce83c-c112-48b0-adb1-f273a478b269;agent;Gap Analysis started;Gap Analysis agent began working on your idea.;/discovery/cc1d1a12-2e9f-4577-abfb-ea8870887eb6;false;2026-07-29 12:32:59.701349+00;cc1d1a12-2e9f-4577-abfb-ea8870887eb6;info;Gap Analysis;agent.started;discovery;cc1d1a12-2e9f-4577-abfb-ea8870887eb6;;"{""agent_key"":""gap""}";2026-07-29 12:32:59.701349+00
252543d8-2f9b-439a-86e4-4247dc513c30;651ce83c-c112-48b0-adb1-f273a478b269;agent;Market Research completed;Market Research agent successfully completed.;/discovery/cc1d1a12-2e9f-4577-abfb-ea8870887eb6;false;2026-07-29 12:32:59.85588+00;cc1d1a12-2e9f-4577-abfb-ea8870887eb6;success;Market Research;agent.completed;discovery;cc1d1a12-2e9f-4577-abfb-ea8870887eb6;Personalized Income and Business Path Finder;"{""agent_key"":""market_research""}";2026-07-29 12:32:59.85588+00
6cfaa1e0-c68a-49b3-9fcc-cb4ef3f4f581;651ce83c-c112-48b0-adb1-f273a478b269;error;Feasibility Analysis failed;Feasibility Analysis agent could not be started.;/discovery/cc1d1a12-2e9f-4577-abfb-ea8870887eb6;false;2026-07-29 12:33:02.094502+00;cc1d1a12-2e9f-4577-abfb-ea8870887eb6;error;Feasibility Analysis;agent.failed;discovery;cc1d1a12-2e9f-4577-abfb-ea8870887eb6;Personalized Income and Business Path Finder;"{""agent_key"":""feasibility""}";2026-07-29 12:33:02.094502+00
117cd439-fcab-48ca-b9c9-db355a20fd6a;651ce83c-c112-48b0-adb1-f273a478b269;error;Gap Analysis failed;Gap Analysis agent could not be started.;/discovery/cc1d1a12-2e9f-4577-abfb-ea8870887eb6;false;2026-07-29 12:33:02.249739+00;cc1d1a12-2e9f-4577-abfb-ea8870887eb6;error;Gap Analysis;agent.failed;discovery;cc1d1a12-2e9f-4577-abfb-ea8870887eb6;Personalized Income and Business Path Finder;"{""agent_key"":""gap""}";2026-07-29 12:33:02.249739+00
b474e894-92ec-4eab-933c-d96f44f0bc05;651ce83c-c112-48b0-adb1-f273a478b269;auth;Signed out;You signed out of AI Idea Forge.;/settings;false;2026-07-29 12:40:10.287326+00;;info;;auth.signed_out;profile;;;{};2026-07-29 12:40:10.287326+00
8bf7f181-52a2-4a07-a62d-02055c0e630e;651ce83c-c112-48b0-adb1-f273a478b269;analysis;Discovery Galaxy opened;Live agent orchestration started for this analysis.;/discovery/85f1ee3d-17e8-46c8-ab21-5a00ba31ef18;false;2026-07-29 12:42:05.7728+00;85f1ee3d-17e8-46c8-ab21-5a00ba31ef18;info;;galaxy.opened;;;;{};2026-07-29 12:42:05.7728+00
135a9350-7299-431e-9cdd-ec23cd6e2fef;651ce83c-c112-48b0-adb1-f273a478b269;agent;Gap Analysis started;Gap Analysis agent began working on your idea.;/discovery/85f1ee3d-17e8-46c8-ab21-5a00ba31ef18;false;2026-07-29 12:42:06.677292+00;85f1ee3d-17e8-46c8-ab21-5a00ba31ef18;info;Gap Analysis;agent.started;discovery;85f1ee3d-17e8-46c8-ab21-5a00ba31ef18;;"{""agent_key"":""gap""}";2026-07-29 12:42:06.677292+00
8d52921f-f33f-4410-a797-6cca3dcaface;651ce83c-c112-48b0-adb1-f273a478b269;agent;Feasibility Analysis started;Feasibility Analysis agent began working on your idea.;/discovery/85f1ee3d-17e8-46c8-ab21-5a00ba31ef18;false;2026-07-29 12:42:06.815649+00;85f1ee3d-17e8-46c8-ab21-5a00ba31ef18;info;Feasibility Analysis;agent.started;discovery;85f1ee3d-17e8-46c8-ab21-5a00ba31ef18;;"{""agent_key"":""feasibility""}";2026-07-29 12:42:06.815649+00
5c2765d9-a2f7-4e21-820e-e2e2eece4fb4;651ce83c-c112-48b0-adb1-f273a478b269;error;Gap Analysis failed;Gap Analysis agent could not be started.;/discovery/85f1ee3d-17e8-46c8-ab21-5a00ba31ef18;false;2026-07-29 12:42:06.956198+00;85f1ee3d-17e8-46c8-ab21-5a00ba31ef18;error;Gap Analysis;agent.failed;discovery;85f1ee3d-17e8-46c8-ab21-5a00ba31ef18;Algorithm-Free Social Content Sharing;"{""agent_key"":""gap""}";2026-07-29 12:42:06.956198+00
af334f85-a104-4600-89eb-b8ff69dfd413;651ce83c-c112-48b0-adb1-f273a478b269;error;Feasibility Analysis failed;Feasibility Analysis agent could not be started.;/discovery/85f1ee3d-17e8-46c8-ab21-5a00ba31ef18;false;2026-07-29 12:42:07.09762+00;85f1ee3d-17e8-46c8-ab21-5a00ba31ef18;error;Feasibility Analysis;agent.failed;discovery;85f1ee3d-17e8-46c8-ab21-5a00ba31ef18;Algorithm-Free Social Content Sharing;"{""agent_key"":""feasibility""}";2026-07-29 12:42:07.09762+00
eab49850-ac9a-470e-a99c-80f61b1252a1;651ce83c-c112-48b0-adb1-f273a478b269;analysis;Discovery Galaxy opened;Live agent orchestration started for this analysis.;/discovery/85f1ee3d-17e8-46c8-ab21-5a00ba31ef18;false;2026-07-29 12:48:09.183415+00;85f1ee3d-17e8-46c8-ab21-5a00ba31ef18;info;;galaxy.opened;;;;{};2026-07-29 12:48:09.183415+00
94c07273-3520-4950-a573-bee0c2e4a20b;651ce83c-c112-48b0-adb1-f273a478b269;agent;Gap Analysis started;Gap Analysis agent began working on your idea.;/discovery/85f1ee3d-17e8-46c8-ab21-5a00ba31ef18;false;2026-07-29 12:48:11.255328+00;85f1ee3d-17e8-46c8-ab21-5a00ba31ef18;info;Gap Analysis;agent.started;discovery;85f1ee3d-17e8-46c8-ab21-5a00ba31ef18;;"{""agent_key"":""gap""}";2026-07-29 12:48:11.255328+00
231d958d-3bb5-494e-ac5c-564d8a3a6d3d;651ce83c-c112-48b0-adb1-f273a478b269;agent;Feasibility Analysis started;Feasibility Analysis agent began working on your idea.;/discovery/85f1ee3d-17e8-46c8-ab21-5a00ba31ef18;false;2026-07-29 12:48:11.408789+00;85f1ee3d-17e8-46c8-ab21-5a00ba31ef18;info;Feasibility Analysis;agent.started;discovery;85f1ee3d-17e8-46c8-ab21-5a00ba31ef18;;"{""agent_key"":""feasibility""}";2026-07-29 12:48:11.408789+00
72ac98e9-695d-406b-bee9-0d684c4928b0;651ce83c-c112-48b0-adb1-f273a478b269;error;Gap Analysis failed;Gap Analysis agent could not be started.;/discovery/85f1ee3d-17e8-46c8-ab21-5a00ba31ef18;false;2026-07-29 12:48:12.828823+00;85f1ee3d-17e8-46c8-ab21-5a00ba31ef18;error;Gap Analysis;agent.failed;discovery;85f1ee3d-17e8-46c8-ab21-5a00ba31ef18;Algorithm-Free Social Content Sharing;"{""agent_key"":""gap""}";2026-07-29 12:48:12.828823+00
9ba74a7c-d16d-46c9-9fd7-ced5d1b543f5;651ce83c-c112-48b0-adb1-f273a478b269;error;Feasibility Analysis failed;Feasibility Analysis agent could not be started.;/discovery/85f1ee3d-17e8-46c8-ab21-5a00ba31ef18;false;2026-07-29 12:48:13.099632+00;85f1ee3d-17e8-46c8-ab21-5a00ba31ef18;error;Feasibility Analysis;agent.failed;discovery;85f1ee3d-17e8-46c8-ab21-5a00ba31ef18;Algorithm-Free Social Content Sharing;"{""agent_key"":""feasibility""}";2026-07-29 12:48:13.099632+00
24cc7029-5633-4470-a7f6-1eb9cff98f9a;651ce83c-c112-48b0-adb1-f273a478b269;download;Market Research report downloaded;The Market Research report for Algorithm-Free Social Content Sharing was downloaded.;/discovery/85f1ee3d-17e8-46c8-ab21-5a00ba31ef18;false;2026-07-29 12:48:16.813323+00;85f1ee3d-17e8-46c8-ab21-5a00ba31ef18;success;;report.downloaded;report;85f1ee3d-17e8-46c8-ab21-5a00ba31ef18;Algorithm-Free Social Content Sharing;{};2026-07-29 12:48:16.813323+00
9d7fb142-9cbb-44d6-81c1-ba6911733a8b;651ce83c-c112-48b0-adb1-f273a478b269;analysis;Discovery Galaxy opened;Live agent orchestration started for this analysis.;/discovery/85f1ee3d-17e8-46c8-ab21-5a00ba31ef18;false;2026-07-29 12:54:50.131594+00;85f1ee3d-17e8-46c8-ab21-5a00ba31ef18;info;;galaxy.opened;;;;{};2026-07-29 12:54:50.131594+00
0fc75bde-eae1-405b-bc63-f6968d541be9;651ce83c-c112-48b0-adb1-f273a478b269;agent;Gap Analysis started;Gap Analysis agent began working on your idea.;/discovery/85f1ee3d-17e8-46c8-ab21-5a00ba31ef18;false;2026-07-29 12:54:50.556202+00;85f1ee3d-17e8-46c8-ab21-5a00ba31ef18;info;Gap Analysis;agent.started;discovery;85f1ee3d-17e8-46c8-ab21-5a00ba31ef18;Algorithm-Free Social Content Sharing;"{""agent_key"":""gap""}";2026-07-29 12:54:50.556202+00
86878f6a-70dc-4662-93e7-4e65ad9cec50;651ce83c-c112-48b0-adb1-f273a478b269;agent;Feasibility Analysis started;Feasibility Analysis agent began working on your idea.;/discovery/85f1ee3d-17e8-46c8-ab21-5a00ba31ef18;false;2026-07-29 12:54:50.70924+00;85f1ee3d-17e8-46c8-ab21-5a00ba31ef18;info;Feasibility Analysis;agent.started;discovery;85f1ee3d-17e8-46c8-ab21-5a00ba31ef18;Algorithm-Free Social Content Sharing;"{""agent_key"":""feasibility""}";2026-07-29 12:54:50.70924+00
c44d16c5-6b70-456c-8b92-bd4f8f9ff1a2;651ce83c-c112-48b0-adb1-f273a478b269;error;Gap Analysis failed;Gap Analysis agent could not be started.;/discovery/85f1ee3d-17e8-46c8-ab21-5a00ba31ef18;false;2026-07-29 12:54:50.83821+00;85f1ee3d-17e8-46c8-ab21-5a00ba31ef18;error;Gap Analysis;agent.failed;discovery;85f1ee3d-17e8-46c8-ab21-5a00ba31ef18;Algorithm-Free Social Content Sharing;"{""agent_key"":""gap""}";2026-07-29 12:54:50.83821+00
72266d36-88ff-4884-a531-637ab32aee83;651ce83c-c112-48b0-adb1-f273a478b269;error;Feasibility Analysis failed;Feasibility Analysis agent could not be started.;/discovery/85f1ee3d-17e8-46c8-ab21-5a00ba31ef18;false;2026-07-29 12:54:50.978183+00;85f1ee3d-17e8-46c8-ab21-5a00ba31ef18;error;Feasibility Analysis;agent.failed;discovery;85f1ee3d-17e8-46c8-ab21-5a00ba31ef18;Algorithm-Free Social Content Sharing;"{""agent_key"":""feasibility""}";2026-07-29 12:54:50.978183+00
2ba4a24a-e6d9-4f0f-aa86-7e240eb69464;651ce83c-c112-48b0-adb1-f273a478b269;download;Report downloaded;The discovery report for Algorithm-Free Social Content Sharing was downloaded.;/discovery/85f1ee3d-17e8-46c8-ab21-5a00ba31ef18;false;2026-07-29 12:54:53.468056+00;85f1ee3d-17e8-46c8-ab21-5a00ba31ef18;success;;report.downloaded;report;85f1ee3d-17e8-46c8-ab21-5a00ba31ef18;Algorithm-Free Social Content Sharing;{};2026-07-29 12:54:53.468056+00
891e85f1-bee1-44bf-81af-c7a0fbbba60f;651ce83c-c112-48b0-adb1-f273a478b269;auth;Signed out;You signed out of AI Idea Forge.;/settings;false;2026-07-29 12:55:51.855241+00;;info;;auth.signed_out;profile;;;{};2026-07-29 12:55:51.855241+00
1c0a28cf-7cb1-465b-af6a-8f7fe249acb0;e87e1f6b-1658-4aee-b7d7-3de7970dccc4;download;Report downloaded;The discovery report for Algorithm-Free Social Content Sharing was downloaded.;/discovery/85f1ee3d-17e8-46c8-ab21-5a00ba31ef18;true;2026-07-29 12:11:46.861376+00;85f1ee3d-17e8-46c8-ab21-5a00ba31ef18;success;;report.downloaded;report;85f1ee3d-17e8-46c8-ab21-5a00ba31ef18;Algorithm-Free Social Content Sharing;{};2026-07-29 15:36:37.543926+00
94740a90-3f14-4966-8e90-04b29924d6c9;e87e1f6b-1658-4aee-b7d7-3de7970dccc4;analysis;Discovery Galaxy opened;Live agent orchestration started for this analysis.;/discovery/85f1ee3d-17e8-46c8-ab21-5a00ba31ef18;false;2026-07-29 15:36:39.182216+00;85f1ee3d-17e8-46c8-ab21-5a00ba31ef18;info;;galaxy.opened;;;;{};2026-07-29 15:36:39.182216+00
5299dcd9-417d-4d02-b8fb-5d38194259df;e87e1f6b-1658-4aee-b7d7-3de7970dccc4;agent;Gap Analysis started;Gap Analysis agent began working on your idea.;/discovery/85f1ee3d-17e8-46c8-ab21-5a00ba31ef18;false;2026-07-29 15:36:39.91228+00;85f1ee3d-17e8-46c8-ab21-5a00ba31ef18;info;Gap Analysis;agent.started;discovery;85f1ee3d-17e8-46c8-ab21-5a00ba31ef18;;"{""agent_key"":""gap""}";2026-07-29 15:36:39.91228+00
e63ecbc8-c0fb-426c-808b-46faafa4c247;e87e1f6b-1658-4aee-b7d7-3de7970dccc4;agent;Competitor Analysis started;Competitor Analysis agent began working on your idea.;/discovery/85f1ee3d-17e8-46c8-ab21-5a00ba31ef18;false;2026-07-29 15:36:40.054294+00;85f1ee3d-17e8-46c8-ab21-5a00ba31ef18;info;Competitor Analysis;agent.started;discovery;85f1ee3d-17e8-46c8-ab21-5a00ba31ef18;;"{""agent_key"":""competitor""}";2026-07-29 15:36:40.054294+00
e9461346-c5d6-4264-aeed-643307955050;e87e1f6b-1658-4aee-b7d7-3de7970dccc4;agent;Market Research started;Market Research agent began working on your idea.;/discovery/85f1ee3d-17e8-46c8-ab21-5a00ba31ef18;false;2026-07-29 15:36:40.201369+00;85f1ee3d-17e8-46c8-ab21-5a00ba31ef18;info;Market Research;agent.started;discovery;85f1ee3d-17e8-46c8-ab21-5a00ba31ef18;;"{""agent_key"":""market_research""}";2026-07-29 15:36:40.201369+00
eb9c166f-c020-48be-b897-2fa815c79011;e87e1f6b-1658-4aee-b7d7-3de7970dccc4;agent;Recommendation Engine started;Recommendation Engine agent began working on your idea.;/discovery/85f1ee3d-17e8-46c8-ab21-5a00ba31ef18;false;2026-07-29 15:36:40.349073+00;85f1ee3d-17e8-46c8-ab21-5a00ba31ef18;info;Recommendation Engine;agent.started;discovery;85f1ee3d-17e8-46c8-ab21-5a00ba31ef18;;"{""agent_key"":""recommendation""}";2026-07-29 15:36:40.349073+00
b83ffe74-37f7-4fe6-8886-99b9cd8a9973;e87e1f6b-1658-4aee-b7d7-3de7970dccc4;agent;Feasibility Analysis started;Feasibility Analysis agent began working on your idea.;/discovery/85f1ee3d-17e8-46c8-ab21-5a00ba31ef18;false;2026-07-29 15:36:40.508889+00;85f1ee3d-17e8-46c8-ab21-5a00ba31ef18;info;Feasibility Analysis;agent.started;discovery;85f1ee3d-17e8-46c8-ab21-5a00ba31ef18;;"{""agent_key"":""feasibility""}";2026-07-29 15:36:40.508889+00
e906162c-ea49-4a5c-803e-3c3d154880e4;e87e1f6b-1658-4aee-b7d7-3de7970dccc4;agent;Risk & Challenge started;Risk & Challenge agent began working on your idea.;/discovery/85f1ee3d-17e8-46c8-ab21-5a00ba31ef18;false;2026-07-29 15:36:40.666722+00;85f1ee3d-17e8-46c8-ab21-5a00ba31ef18;info;Risk & Challenge;agent.started;discovery;85f1ee3d-17e8-46c8-ab21-5a00ba31ef18;;"{""agent_key"":""risk""}";2026-07-29 15:36:40.666722+00
0fc6a74f-3ad9-442e-bd20-7c52ad3fd215;e87e1f6b-1658-4aee-b7d7-3de7970dccc4;error;Feasibility Analysis failed;Feasibility Analysis agent could not be started.;/discovery/85f1ee3d-17e8-46c8-ab21-5a00ba31ef18;false;2026-07-29 15:36:41.28202+00;85f1ee3d-17e8-46c8-ab21-5a00ba31ef18;error;Feasibility Analysis;agent.failed;discovery;85f1ee3d-17e8-46c8-ab21-5a00ba31ef18;;"{""agent_key"":""feasibility""}";2026-07-29 15:36:41.28202+00
69591e66-95af-427c-82af-15dc30ca47b6;e87e1f6b-1658-4aee-b7d7-3de7970dccc4;error;Recommendation Engine failed;Recommendation Engine agent could not be started.;/discovery/85f1ee3d-17e8-46c8-ab21-5a00ba31ef18;false;2026-07-29 15:36:41.431822+00;85f1ee3d-17e8-46c8-ab21-5a00ba31ef18;error;Recommendation Engine;agent.failed;discovery;85f1ee3d-17e8-46c8-ab21-5a00ba31ef18;;"{""agent_key"":""recommendation""}";2026-07-29 15:36:41.431822+00
81cbdbdd-c04b-4ee4-af6b-1a4b9c6caca7;e87e1f6b-1658-4aee-b7d7-3de7970dccc4;error;Gap Analysis failed;Gap Analysis agent could not be started.;/discovery/85f1ee3d-17e8-46c8-ab21-5a00ba31ef18;false;2026-07-29 15:36:41.583245+00;85f1ee3d-17e8-46c8-ab21-5a00ba31ef18;error;Gap Analysis;agent.failed;discovery;85f1ee3d-17e8-46c8-ab21-5a00ba31ef18;;"{""agent_key"":""gap""}";2026-07-29 15:36:41.583245+00
34881914-746e-4359-8ac2-eb50573cc5d9;e87e1f6b-1658-4aee-b7d7-3de7970dccc4;error;Competitor Analysis failed;Competitor Analysis agent could not be started.;/discovery/85f1ee3d-17e8-46c8-ab21-5a00ba31ef18;false;2026-07-29 15:36:41.733869+00;85f1ee3d-17e8-46c8-ab21-5a00ba31ef18;error;Competitor Analysis;agent.failed;discovery;85f1ee3d-17e8-46c8-ab21-5a00ba31ef18;;"{""agent_key"":""competitor""}";2026-07-29 15:36:41.733869+00
50d2f1e9-e7cb-48b4-a1df-8b307273dbb4;e87e1f6b-1658-4aee-b7d7-3de7970dccc4;error;Market Research failed;Market Research agent could not be started.;/discovery/85f1ee3d-17e8-46c8-ab21-5a00ba31ef18;false;2026-07-29 15:36:41.878355+00;85f1ee3d-17e8-46c8-ab21-5a00ba31ef18;error;Market Research;agent.failed;discovery;85f1ee3d-17e8-46c8-ab21-5a00ba31ef18;;"{""agent_key"":""market_research""}";2026-07-29 15:36:41.878355+00
ef0a6502-fb3e-4a61-bc04-52ee22aaed2b;e87e1f6b-1658-4aee-b7d7-3de7970dccc4;analysis;New analysis created;train ticket booking app was queued for the discovery agents.;/discovery/1f20cc3d-1c46-444e-acc5-13417690c9a6;false;2026-07-29 15:37:05.867049+00;1f20cc3d-1c46-444e-acc5-13417690c9a6;success;;analysis.created;discovery;1f20cc3d-1c46-444e-acc5-13417690c9a6;train ticket booking app;"{""industry"":null,""input_type"":""text""}";2026-07-29 15:37:05.867049+00
1d3d8fea-fb40-4a27-bc87-c805ffcba360;e87e1f6b-1658-4aee-b7d7-3de7970dccc4;error;Risk & Challenge failed;Risk & Challenge agent could not be started.;/discovery/85f1ee3d-17e8-46c8-ab21-5a00ba31ef18;false;2026-07-29 15:36:42.027343+00;85f1ee3d-17e8-46c8-ab21-5a00ba31ef18;error;Risk & Challenge;agent.failed;discovery;85f1ee3d-17e8-46c8-ab21-5a00ba31ef18;;"{""agent_key"":""risk""}";2026-07-29 15:36:42.027343+00
2c655a77-6f28-4492-bf69-27ad3fbfe9f3;e87e1f6b-1658-4aee-b7d7-3de7970dccc4;error;Could not start the analysis pipeline;The analysis workflow isn't active in n8n. Activate the workflow (or click 'Execute workflow' for test URLs) and try again.;/discovery/1f20cc3d-1c46-444e-acc5-13417690c9a6;false;2026-07-29 15:37:06.069421+00;1f20cc3d-1c46-444e-acc5-13417690c9a6;error;;webhook.failed;;;train ticket booking app;{};2026-07-29 15:37:06.069421+00
8c80280a-556b-483a-bd77-dd152463d261;e87e1f6b-1658-4aee-b7d7-3de7970dccc4;analysis;New analysis created;train ticket booking app was queued for the discovery agents.;/discovery/2cb0cade-d4fb-4aac-a659-8965a4d7df80;false;2026-07-29 15:37:36.572092+00;2cb0cade-d4fb-4aac-a659-8965a4d7df80;success;;analysis.created;discovery;2cb0cade-d4fb-4aac-a659-8965a4d7df80;train ticket booking app;"{""industry"":null,""input_type"":""text""}";2026-07-29 15:37:36.572092+00
3bbd36a0-bc83-4353-8f2e-af43031ac752;e87e1f6b-1658-4aee-b7d7-3de7970dccc4;error;Could not start the analysis pipeline;The analysis workflow isn't active in n8n. Activate the workflow (or click 'Execute workflow' for test URLs) and try again.;/discovery/2cb0cade-d4fb-4aac-a659-8965a4d7df80;false;2026-07-29 15:37:39.531412+00;2cb0cade-d4fb-4aac-a659-8965a4d7df80;error;;webhook.failed;;;train ticket booking app;{};2026-07-29 15:37:39.531412+00
9bd56e80-3eae-4711-b0a7-710d87cf9fa7;e87e1f6b-1658-4aee-b7d7-3de7970dccc4;analysis;New analysis created;train ticket booking app was queued for the discovery agents.;/discovery/0eb97ea8-b0a3-40cd-b9d8-74f36751d27b;false;2026-07-29 15:40:32.059222+00;0eb97ea8-b0a3-40cd-b9d8-74f36751d27b;success;;analysis.created;discovery;0eb97ea8-b0a3-40cd-b9d8-74f36751d27b;train ticket booking app;"{""industry"":null,""input_type"":""text""}";2026-07-29 15:40:32.059222+00
21935aff-4ae6-433c-9677-e13c47b794bb;e87e1f6b-1658-4aee-b7d7-3de7970dccc4;api;Analysis queued with the AI pipeline;Market Research workflow was triggered successfully.;/discovery/0eb97ea8-b0a3-40cd-b9d8-74f36751d27b;false;2026-07-29 15:40:36.29502+00;0eb97ea8-b0a3-40cd-b9d8-74f36751d27b;info;;webhook.triggered;;;train ticket booking app;{};2026-07-29 15:40:36.29502+00
1bf7e227-71e6-4f10-9a52-46f3fd27068c;e87e1f6b-1658-4aee-b7d7-3de7970dccc4;analysis;Discovery Galaxy opened;Live agent orchestration started for this analysis.;/discovery/0eb97ea8-b0a3-40cd-b9d8-74f36751d27b;false;2026-07-29 15:40:36.520667+00;0eb97ea8-b0a3-40cd-b9d8-74f36751d27b;info;;galaxy.opened;;;;{};2026-07-29 15:40:36.520667+00
33882d64-7fae-446f-a390-9d45e4c946e4;e87e1f6b-1658-4aee-b7d7-3de7970dccc4;agent;Competitor Analysis started;Competitor Analysis agent began working on your idea.;/discovery/0eb97ea8-b0a3-40cd-b9d8-74f36751d27b;false;2026-07-29 15:40:37.254496+00;0eb97ea8-b0a3-40cd-b9d8-74f36751d27b;info;Competitor Analysis;agent.started;discovery;0eb97ea8-b0a3-40cd-b9d8-74f36751d27b;;"{""agent_key"":""competitor""}";2026-07-29 15:40:37.254496+00
a89d7d32-43b5-48c9-a370-197aea2e9e8d;e87e1f6b-1658-4aee-b7d7-3de7970dccc4;agent;Market Research started;Market Research agent began working on your idea.;/discovery/0eb97ea8-b0a3-40cd-b9d8-74f36751d27b;false;2026-07-29 15:40:37.407342+00;0eb97ea8-b0a3-40cd-b9d8-74f36751d27b;info;Market Research;agent.started;discovery;0eb97ea8-b0a3-40cd-b9d8-74f36751d27b;;"{""agent_key"":""market_research""}";2026-07-29 15:40:37.407342+00
1d4d9802-326a-4ef7-8017-f804c36c722d;e87e1f6b-1658-4aee-b7d7-3de7970dccc4;agent;Gap Analysis started;Gap Analysis agent began working on your idea.;/discovery/0eb97ea8-b0a3-40cd-b9d8-74f36751d27b;false;2026-07-29 15:40:37.561012+00;0eb97ea8-b0a3-40cd-b9d8-74f36751d27b;info;Gap Analysis;agent.started;discovery;0eb97ea8-b0a3-40cd-b9d8-74f36751d27b;;"{""agent_key"":""gap""}";2026-07-29 15:40:37.561012+00
bb39903a-b034-4a7d-b7f8-b835f4e66dda;e87e1f6b-1658-4aee-b7d7-3de7970dccc4;agent;Risk & Challenge started;Risk & Challenge agent began working on your idea.;/discovery/0eb97ea8-b0a3-40cd-b9d8-74f36751d27b;false;2026-07-29 15:40:37.706814+00;0eb97ea8-b0a3-40cd-b9d8-74f36751d27b;info;Risk & Challenge;agent.started;discovery;0eb97ea8-b0a3-40cd-b9d8-74f36751d27b;;"{""agent_key"":""risk""}";2026-07-29 15:40:37.706814+00
b5325ee9-4ad8-4041-947b-1a0290bac751;e87e1f6b-1658-4aee-b7d7-3de7970dccc4;error;Gap Analysis failed;Gap Analysis agent could not be started.;/discovery/0eb97ea8-b0a3-40cd-b9d8-74f36751d27b;false;2026-07-29 15:40:37.870412+00;0eb97ea8-b0a3-40cd-b9d8-74f36751d27b;error;Gap Analysis;agent.failed;discovery;0eb97ea8-b0a3-40cd-b9d8-74f36751d27b;;"{""agent_key"":""gap""}";2026-07-29 15:40:37.870412+00
50038c02-cd0a-4fd9-8f56-42867c2c3a59;e87e1f6b-1658-4aee-b7d7-3de7970dccc4;error;Market Research failed;Market Research agent could not be started.;/discovery/0eb97ea8-b0a3-40cd-b9d8-74f36751d27b;false;2026-07-29 15:40:38.011936+00;0eb97ea8-b0a3-40cd-b9d8-74f36751d27b;error;Market Research;agent.failed;discovery;0eb97ea8-b0a3-40cd-b9d8-74f36751d27b;;"{""agent_key"":""market_research""}";2026-07-29 15:40:38.011936+00
e5e36ddc-19ae-45bc-9701-ca9cd15c2d25;e87e1f6b-1658-4aee-b7d7-3de7970dccc4;error;Competitor Analysis failed;Competitor Analysis agent could not be started.;/discovery/0eb97ea8-b0a3-40cd-b9d8-74f36751d27b;false;2026-07-29 15:40:38.179729+00;0eb97ea8-b0a3-40cd-b9d8-74f36751d27b;error;Competitor Analysis;agent.failed;discovery;0eb97ea8-b0a3-40cd-b9d8-74f36751d27b;;"{""agent_key"":""competitor""}";2026-07-29 15:40:38.179729+00
024cef69-7b35-4100-8a60-d27d69d3f7ed;e87e1f6b-1658-4aee-b7d7-3de7970dccc4;agent;Feasibility Analysis started;Feasibility Analysis agent began working on your idea.;/discovery/0eb97ea8-b0a3-40cd-b9d8-74f36751d27b;false;2026-07-29 15:40:38.333052+00;0eb97ea8-b0a3-40cd-b9d8-74f36751d27b;info;Feasibility Analysis;agent.started;discovery;0eb97ea8-b0a3-40cd-b9d8-74f36751d27b;;"{""agent_key"":""feasibility""}";2026-07-29 15:40:38.333052+00
329f0535-5476-4bb9-8a30-137eb12adaed;e87e1f6b-1658-4aee-b7d7-3de7970dccc4;error;Risk & Challenge failed;Risk & Challenge agent could not be started.;/discovery/0eb97ea8-b0a3-40cd-b9d8-74f36751d27b;false;2026-07-29 15:40:38.479759+00;0eb97ea8-b0a3-40cd-b9d8-74f36751d27b;error;Risk & Challenge;agent.failed;discovery;0eb97ea8-b0a3-40cd-b9d8-74f36751d27b;;"{""agent_key"":""risk""}";2026-07-29 15:40:38.479759+00
965e5591-8900-4047-a9c6-fe6406dc8b3b;e87e1f6b-1658-4aee-b7d7-3de7970dccc4;agent;Recommendation Engine started;Recommendation Engine agent began working on your idea.;/discovery/0eb97ea8-b0a3-40cd-b9d8-74f36751d27b;false;2026-07-29 15:40:38.632907+00;0eb97ea8-b0a3-40cd-b9d8-74f36751d27b;info;Recommendation Engine;agent.started;discovery;0eb97ea8-b0a3-40cd-b9d8-74f36751d27b;;"{""agent_key"":""recommendation""}";2026-07-29 15:40:38.632907+00
df6491e0-bcfc-44cf-8968-46fdf1043535;e87e1f6b-1658-4aee-b7d7-3de7970dccc4;error;Feasibility Analysis failed;Feasibility Analysis agent could not be started.;/discovery/0eb97ea8-b0a3-40cd-b9d8-74f36751d27b;false;2026-07-29 15:40:38.773946+00;0eb97ea8-b0a3-40cd-b9d8-74f36751d27b;error;Feasibility Analysis;agent.failed;discovery;0eb97ea8-b0a3-40cd-b9d8-74f36751d27b;;"{""agent_key"":""feasibility""}";2026-07-29 15:40:38.773946+00
bb4959f2-bca8-4bdb-b962-ef2b704e1407;e87e1f6b-1658-4aee-b7d7-3de7970dccc4;error;Recommendation Engine failed;Recommendation Engine agent could not be started.;/discovery/0eb97ea8-b0a3-40cd-b9d8-74f36751d27b;false;2026-07-29 15:40:39.843139+00;0eb97ea8-b0a3-40cd-b9d8-74f36751d27b;error;Recommendation Engine;agent.failed;discovery;0eb97ea8-b0a3-40cd-b9d8-74f36751d27b;;"{""agent_key"":""recommendation""}";2026-07-29 15:40:39.843139+00
0bb119bc-76b1-4d59-9f66-7cfda6b56af1;e87e1f6b-1658-4aee-b7d7-3de7970dccc4;analysis;Discovery Galaxy opened;Live agent orchestration started for this analysis.;/discovery/0eb97ea8-b0a3-40cd-b9d8-74f36751d27b;false;2026-07-29 15:53:00.190982+00;0eb97ea8-b0a3-40cd-b9d8-74f36751d27b;info;;galaxy.opened;;;;{};2026-07-29 15:53:00.190982+00
8fb360af-9c71-4ae2-8545-9460c9d95ad7;e87e1f6b-1658-4aee-b7d7-3de7970dccc4;agent;Market Research started;Market Research agent began working on your idea.;/discovery/0eb97ea8-b0a3-40cd-b9d8-74f36751d27b;false;2026-07-29 15:53:00.629634+00;0eb97ea8-b0a3-40cd-b9d8-74f36751d27b;info;Market Research;agent.started;discovery;0eb97ea8-b0a3-40cd-b9d8-74f36751d27b;;"{""agent_key"":""market_research""}";2026-07-29 15:53:00.629634+00
5c57496f-6b27-4ea5-9313-1604104a7ae2;e87e1f6b-1658-4aee-b7d7-3de7970dccc4;agent;Competitor Analysis started;Competitor Analysis agent began working on your idea.;/discovery/0eb97ea8-b0a3-40cd-b9d8-74f36751d27b;false;2026-07-29 15:53:00.810589+00;0eb97ea8-b0a3-40cd-b9d8-74f36751d27b;info;Competitor Analysis;agent.started;discovery;0eb97ea8-b0a3-40cd-b9d8-74f36751d27b;;"{""agent_key"":""competitor""}";2026-07-29 15:53:00.810589+00
495ab458-fd2c-4c0a-b6d6-21d88df4c1e2;e87e1f6b-1658-4aee-b7d7-3de7970dccc4;agent;Feasibility Analysis started;Feasibility Analysis agent began working on your idea.;/discovery/0eb97ea8-b0a3-40cd-b9d8-74f36751d27b;false;2026-07-29 15:53:00.926027+00;0eb97ea8-b0a3-40cd-b9d8-74f36751d27b;info;Feasibility Analysis;agent.started;discovery;0eb97ea8-b0a3-40cd-b9d8-74f36751d27b;;"{""agent_key"":""feasibility""}";2026-07-29 15:53:00.926027+00
fa1cb026-8db5-4c8a-9ff8-3b55c47bddcc;e87e1f6b-1658-4aee-b7d7-3de7970dccc4;agent;Gap Analysis started;Gap Analysis agent began working on your idea.;/discovery/0eb97ea8-b0a3-40cd-b9d8-74f36751d27b;false;2026-07-29 15:53:01.063251+00;0eb97ea8-b0a3-40cd-b9d8-74f36751d27b;info;Gap Analysis;agent.started;discovery;0eb97ea8-b0a3-40cd-b9d8-74f36751d27b;Train Ticket Pro;"{""agent_key"":""gap""}";2026-07-29 15:53:01.063251+00
55bf5aa2-521e-4933-9f8b-b03227f1bb36;e87e1f6b-1658-4aee-b7d7-3de7970dccc4;agent;Risk & Challenge started;Risk & Challenge agent began working on your idea.;/discovery/0eb97ea8-b0a3-40cd-b9d8-74f36751d27b;false;2026-07-29 15:53:01.225124+00;0eb97ea8-b0a3-40cd-b9d8-74f36751d27b;info;Risk & Challenge;agent.started;discovery;0eb97ea8-b0a3-40cd-b9d8-74f36751d27b;Train Ticket Pro;"{""agent_key"":""risk""}";2026-07-29 15:53:01.225124+00
dc5b3182-9308-4970-af1d-e1847c85e864;e87e1f6b-1658-4aee-b7d7-3de7970dccc4;agent;Recommendation Engine started;Recommendation Engine agent began working on your idea.;/discovery/0eb97ea8-b0a3-40cd-b9d8-74f36751d27b;false;2026-07-29 15:53:01.376402+00;0eb97ea8-b0a3-40cd-b9d8-74f36751d27b;info;Recommendation Engine;agent.started;discovery;0eb97ea8-b0a3-40cd-b9d8-74f36751d27b;Train Ticket Pro;"{""agent_key"":""recommendation""}";2026-07-29 15:53:01.376402+00
ac06c9f9-2892-4038-bc54-5c8627fd5695;e87e1f6b-1658-4aee-b7d7-3de7970dccc4;error;Risk & Challenge failed;Risk & Challenge agent could not be started.;/discovery/0eb97ea8-b0a3-40cd-b9d8-74f36751d27b;false;2026-07-29 15:53:01.535437+00;0eb97ea8-b0a3-40cd-b9d8-74f36751d27b;error;Risk & Challenge;agent.failed;discovery;0eb97ea8-b0a3-40cd-b9d8-74f36751d27b;Train Ticket Pro;"{""agent_key"":""risk""}";2026-07-29 15:53:01.535437+00
335e975c-1142-42a1-90f9-0e72e238e312;e87e1f6b-1658-4aee-b7d7-3de7970dccc4;error;Market Research failed;Market Research agent could not be started.;/discovery/0eb97ea8-b0a3-40cd-b9d8-74f36751d27b;false;2026-07-29 15:53:01.678541+00;0eb97ea8-b0a3-40cd-b9d8-74f36751d27b;error;Market Research;agent.failed;discovery;0eb97ea8-b0a3-40cd-b9d8-74f36751d27b;Train Ticket Pro;"{""agent_key"":""market_research""}";2026-07-29 15:53:01.678541+00
24a777c4-32f0-48f9-b0d2-4e5fd3c05c7c;e87e1f6b-1658-4aee-b7d7-3de7970dccc4;error;Feasibility Analysis failed;Feasibility Analysis agent could not be started.;/discovery/0eb97ea8-b0a3-40cd-b9d8-74f36751d27b;false;2026-07-29 15:53:01.826565+00;0eb97ea8-b0a3-40cd-b9d8-74f36751d27b;error;Feasibility Analysis;agent.failed;discovery;0eb97ea8-b0a3-40cd-b9d8-74f36751d27b;Train Ticket Pro;"{""agent_key"":""feasibility""}";2026-07-29 15:53:01.826565+00
85aadb0c-8daa-4bbe-ba05-6f2812add387;e87e1f6b-1658-4aee-b7d7-3de7970dccc4;error;Gap Analysis failed;Gap Analysis agent could not be started.;/discovery/0eb97ea8-b0a3-40cd-b9d8-74f36751d27b;false;2026-07-29 15:53:01.977752+00;0eb97ea8-b0a3-40cd-b9d8-74f36751d27b;error;Gap Analysis;agent.failed;discovery;0eb97ea8-b0a3-40cd-b9d8-74f36751d27b;Train Ticket Pro;"{""agent_key"":""gap""}";2026-07-29 15:53:01.977752+00
2e2f1edb-d761-4f49-8f27-9a86a8d09bbc;e87e1f6b-1658-4aee-b7d7-3de7970dccc4;error;Competitor Analysis failed;Competitor Analysis agent could not be started.;/discovery/0eb97ea8-b0a3-40cd-b9d8-74f36751d27b;false;2026-07-29 15:53:02.139771+00;0eb97ea8-b0a3-40cd-b9d8-74f36751d27b;error;Competitor Analysis;agent.failed;discovery;0eb97ea8-b0a3-40cd-b9d8-74f36751d27b;Train Ticket Pro;"{""agent_key"":""competitor""}";2026-07-29 15:53:02.139771+00
a3830ab7-48d7-4def-9218-6aa86c30be98;e87e1f6b-1658-4aee-b7d7-3de7970dccc4;error;Recommendation Engine failed;Recommendation Engine agent could not be started.;/discovery/0eb97ea8-b0a3-40cd-b9d8-74f36751d27b;false;2026-07-29 15:53:02.262035+00;0eb97ea8-b0a3-40cd-b9d8-74f36751d27b;error;Recommendation Engine;agent.failed;discovery;0eb97ea8-b0a3-40cd-b9d8-74f36751d27b;Train Ticket Pro;"{""agent_key"":""recommendation""}";2026-07-29 15:53:02.262035+00
3a9d2c76-5295-4339-b236-d301f8342b80;e87e1f6b-1658-4aee-b7d7-3de7970dccc4;agent;Market Research completed;Market Research agent successfully completed.;/discovery/0eb97ea8-b0a3-40cd-b9d8-74f36751d27b;false;2026-07-29 15:55:50.826661+00;0eb97ea8-b0a3-40cd-b9d8-74f36751d27b;success;Market Research;agent.completed;discovery;0eb97ea8-b0a3-40cd-b9d8-74f36751d27b;Train Ticket Pro;"{""agent_key"":""market_research""}";2026-07-29 15:55:50.826661+00
b1d0f908-0008-4982-8664-7258103e2f75;e87e1f6b-1658-4aee-b7d7-3de7970dccc4;analysis;Discovery Galaxy opened;Live agent orchestration started for this analysis.;/discovery/0eb97ea8-b0a3-40cd-b9d8-74f36751d27b;false;2026-07-29 16:29:59.744031+00;0eb97ea8-b0a3-40cd-b9d8-74f36751d27b;info;;galaxy.opened;;;;{};2026-07-29 16:29:59.744031+00
9762ad97-bb8c-430d-a291-29c96dd14475;e87e1f6b-1658-4aee-b7d7-3de7970dccc4;agent;Feasibility Analysis started;Feasibility Analysis agent began working on your idea.;/discovery/0eb97ea8-b0a3-40cd-b9d8-74f36751d27b;false;2026-07-29 16:30:00.176008+00;0eb97ea8-b0a3-40cd-b9d8-74f36751d27b;info;Feasibility Analysis;agent.started;discovery;0eb97ea8-b0a3-40cd-b9d8-74f36751d27b;;"{""agent_key"":""feasibility""}";2026-07-29 16:30:00.176008+00
03261513-6171-4c89-99f1-dc738426dcc9;e87e1f6b-1658-4aee-b7d7-3de7970dccc4;agent;Risk & Challenge started;Risk & Challenge agent began working on your idea.;/discovery/0eb97ea8-b0a3-40cd-b9d8-74f36751d27b;false;2026-07-29 16:30:00.329369+00;0eb97ea8-b0a3-40cd-b9d8-74f36751d27b;info;Risk & Challenge;agent.started;discovery;0eb97ea8-b0a3-40cd-b9d8-74f36751d27b;;"{""agent_key"":""risk""}";2026-07-29 16:30:00.329369+00
518027cd-d344-48e3-815c-f540670ad3ff;e87e1f6b-1658-4aee-b7d7-3de7970dccc4;agent;Gap Analysis started;Gap Analysis agent began working on your idea.;/discovery/0eb97ea8-b0a3-40cd-b9d8-74f36751d27b;false;2026-07-29 16:30:00.477796+00;0eb97ea8-b0a3-40cd-b9d8-74f36751d27b;info;Gap Analysis;agent.started;discovery;0eb97ea8-b0a3-40cd-b9d8-74f36751d27b;;"{""agent_key"":""gap""}";2026-07-29 16:30:00.477796+00
bd214e03-3dbf-447a-bac6-94cf3bcff962;e87e1f6b-1658-4aee-b7d7-3de7970dccc4;agent;Recommendation Engine started;Recommendation Engine agent began working on your idea.;/discovery/0eb97ea8-b0a3-40cd-b9d8-74f36751d27b;false;2026-07-29 16:30:00.719998+00;0eb97ea8-b0a3-40cd-b9d8-74f36751d27b;info;Recommendation Engine;agent.started;discovery;0eb97ea8-b0a3-40cd-b9d8-74f36751d27b;;"{""agent_key"":""recommendation""}";2026-07-29 16:30:00.719998+00
481bf759-3421-42c5-8a1c-a57c48314ff0;e87e1f6b-1658-4aee-b7d7-3de7970dccc4;agent;Competitor Analysis started;Competitor Analysis agent began working on your idea.;/discovery/0eb97ea8-b0a3-40cd-b9d8-74f36751d27b;false;2026-07-29 16:30:00.775078+00;0eb97ea8-b0a3-40cd-b9d8-74f36751d27b;info;Competitor Analysis;agent.started;discovery;0eb97ea8-b0a3-40cd-b9d8-74f36751d27b;;"{""agent_key"":""competitor""}";2026-07-29 16:30:00.775078+00
c4979c2e-db4e-4911-9df1-070f0828bbcd;e87e1f6b-1658-4aee-b7d7-3de7970dccc4;error;Gap Analysis failed;Gap Analysis agent could not be started.;/discovery/0eb97ea8-b0a3-40cd-b9d8-74f36751d27b;false;2026-07-29 16:30:03.538788+00;0eb97ea8-b0a3-40cd-b9d8-74f36751d27b;error;Gap Analysis;agent.failed;discovery;0eb97ea8-b0a3-40cd-b9d8-74f36751d27b;Train Ticket Pro;"{""agent_key"":""gap""}";2026-07-29 16:30:03.538788+00
a0bd4b5c-6d4c-4ae5-9636-74d4e7daaa95;e87e1f6b-1658-4aee-b7d7-3de7970dccc4;error;Recommendation Engine failed;Recommendation Engine agent could not be started.;/discovery/0eb97ea8-b0a3-40cd-b9d8-74f36751d27b;false;2026-07-29 16:30:03.692886+00;0eb97ea8-b0a3-40cd-b9d8-74f36751d27b;error;Recommendation Engine;agent.failed;discovery;0eb97ea8-b0a3-40cd-b9d8-74f36751d27b;Train Ticket Pro;"{""agent_key"":""recommendation""}";2026-07-29 16:30:03.692886+00
31bd7b75-85c8-4d2b-ada2-e6b5cfda2c4a;e87e1f6b-1658-4aee-b7d7-3de7970dccc4;error;Risk & Challenge failed;Risk & Challenge agent could not be started.;/discovery/0eb97ea8-b0a3-40cd-b9d8-74f36751d27b;false;2026-07-29 16:30:03.832776+00;0eb97ea8-b0a3-40cd-b9d8-74f36751d27b;error;Risk & Challenge;agent.failed;discovery;0eb97ea8-b0a3-40cd-b9d8-74f36751d27b;Train Ticket Pro;"{""agent_key"":""risk""}";2026-07-29 16:30:03.832776+00
fb9b5dc7-d946-4d18-93b2-4a1ca0372abb;e87e1f6b-1658-4aee-b7d7-3de7970dccc4;error;Competitor Analysis failed;Competitor Analysis agent could not be started.;/discovery/0eb97ea8-b0a3-40cd-b9d8-74f36751d27b;false;2026-07-29 16:30:03.988124+00;0eb97ea8-b0a3-40cd-b9d8-74f36751d27b;error;Competitor Analysis;agent.failed;discovery;0eb97ea8-b0a3-40cd-b9d8-74f36751d27b;Train Ticket Pro;"{""agent_key"":""competitor""}";2026-07-29 16:30:03.988124+00
6395b423-d2c5-485f-910e-d72d08b5927c;e87e1f6b-1658-4aee-b7d7-3de7970dccc4;error;Feasibility Analysis failed;Feasibility Analysis agent could not be started.;/discovery/0eb97ea8-b0a3-40cd-b9d8-74f36751d27b;false;2026-07-29 16:30:04.137339+00;0eb97ea8-b0a3-40cd-b9d8-74f36751d27b;error;Feasibility Analysis;agent.failed;discovery;0eb97ea8-b0a3-40cd-b9d8-74f36751d27b;Train Ticket Pro;"{""agent_key"":""feasibility""}";2026-07-29 16:30:04.137339+00
464c00fe-9b3c-4f2b-a0cc-c5afee03f78b;e87e1f6b-1658-4aee-b7d7-3de7970dccc4;analysis;Discovery Galaxy opened;Live agent orchestration started for this analysis.;/discovery/0eb97ea8-b0a3-40cd-b9d8-74f36751d27b;false;2026-07-29 16:34:47.451456+00;0eb97ea8-b0a3-40cd-b9d8-74f36751d27b;info;;galaxy.opened;;;;{};2026-07-29 16:34:47.451456+00
56276cd3-bbac-42ac-b74c-279a6e3c5a34;e87e1f6b-1658-4aee-b7d7-3de7970dccc4;agent;Feasibility Analysis started;Feasibility Analysis agent began working on your idea.;/discovery/0eb97ea8-b0a3-40cd-b9d8-74f36751d27b;false;2026-07-29 16:34:47.882018+00;0eb97ea8-b0a3-40cd-b9d8-74f36751d27b;info;Feasibility Analysis;agent.started;discovery;0eb97ea8-b0a3-40cd-b9d8-74f36751d27b;;"{""agent_key"":""feasibility""}";2026-07-29 16:34:47.882018+00
dc28e5f7-356f-48ed-a967-bc9dffbfeb9b;e87e1f6b-1658-4aee-b7d7-3de7970dccc4;agent;Recommendation Engine started;Recommendation Engine agent began working on your idea.;/discovery/0eb97ea8-b0a3-40cd-b9d8-74f36751d27b;false;2026-07-29 16:34:48.028288+00;0eb97ea8-b0a3-40cd-b9d8-74f36751d27b;info;Recommendation Engine;agent.started;discovery;0eb97ea8-b0a3-40cd-b9d8-74f36751d27b;;"{""agent_key"":""recommendation""}";2026-07-29 16:34:48.028288+00
239fe1f4-83b7-44e3-b4fd-8f71a8bf4fa5;e87e1f6b-1658-4aee-b7d7-3de7970dccc4;agent;Competitor Analysis started;Competitor Analysis agent began working on your idea.;/discovery/0eb97ea8-b0a3-40cd-b9d8-74f36751d27b;false;2026-07-29 16:34:48.166808+00;0eb97ea8-b0a3-40cd-b9d8-74f36751d27b;info;Competitor Analysis;agent.started;discovery;0eb97ea8-b0a3-40cd-b9d8-74f36751d27b;;"{""agent_key"":""competitor""}";2026-07-29 16:34:48.166808+00
164ab5bd-367a-47fb-86e2-eaae02e0f992;e87e1f6b-1658-4aee-b7d7-3de7970dccc4;agent;Gap Analysis started;Gap Analysis agent began working on your idea.;/discovery/0eb97ea8-b0a3-40cd-b9d8-74f36751d27b;false;2026-07-29 16:34:48.311651+00;0eb97ea8-b0a3-40cd-b9d8-74f36751d27b;info;Gap Analysis;agent.started;discovery;0eb97ea8-b0a3-40cd-b9d8-74f36751d27b;Train Ticket Pro;"{""agent_key"":""gap""}";2026-07-29 16:34:48.311651+00
aee750d9-904e-4a96-a2ea-bd6050557ca9;e87e1f6b-1658-4aee-b7d7-3de7970dccc4;agent;Risk & Challenge started;Risk & Challenge agent began working on your idea.;/discovery/0eb97ea8-b0a3-40cd-b9d8-74f36751d27b;false;2026-07-29 16:34:48.453942+00;0eb97ea8-b0a3-40cd-b9d8-74f36751d27b;info;Risk & Challenge;agent.started;discovery;0eb97ea8-b0a3-40cd-b9d8-74f36751d27b;Train Ticket Pro;"{""agent_key"":""risk""}";2026-07-29 16:34:48.453942+00
ffc17f57-0b18-41b6-81f7-06e1242f08ef;e87e1f6b-1658-4aee-b7d7-3de7970dccc4;error;Feasibility Analysis failed;Feasibility Analysis agent could not be started.;/discovery/0eb97ea8-b0a3-40cd-b9d8-74f36751d27b;false;2026-07-29 16:34:48.600794+00;0eb97ea8-b0a3-40cd-b9d8-74f36751d27b;error;Feasibility Analysis;agent.failed;discovery;0eb97ea8-b0a3-40cd-b9d8-74f36751d27b;Train Ticket Pro;"{""agent_key"":""feasibility""}";2026-07-29 16:34:48.600794+00
51c4fba6-c815-4ab0-a1f3-bbdbb844563d;e87e1f6b-1658-4aee-b7d7-3de7970dccc4;error;Competitor Analysis failed;Competitor Analysis agent could not be started.;/discovery/0eb97ea8-b0a3-40cd-b9d8-74f36751d27b;false;2026-07-29 16:34:48.742891+00;0eb97ea8-b0a3-40cd-b9d8-74f36751d27b;error;Competitor Analysis;agent.failed;discovery;0eb97ea8-b0a3-40cd-b9d8-74f36751d27b;Train Ticket Pro;"{""agent_key"":""competitor""}";2026-07-29 16:34:48.742891+00
87f9fdc0-734f-45ca-9022-77842da8501a;e87e1f6b-1658-4aee-b7d7-3de7970dccc4;error;Recommendation Engine failed;Recommendation Engine agent could not be started.;/discovery/0eb97ea8-b0a3-40cd-b9d8-74f36751d27b;false;2026-07-29 16:34:48.913375+00;0eb97ea8-b0a3-40cd-b9d8-74f36751d27b;error;Recommendation Engine;agent.failed;discovery;0eb97ea8-b0a3-40cd-b9d8-74f36751d27b;Train Ticket Pro;"{""agent_key"":""recommendation""}";2026-07-29 16:34:48.913375+00
a35cdd0a-1cc6-40ad-97ff-f871ade51a95;e87e1f6b-1658-4aee-b7d7-3de7970dccc4;error;Gap Analysis failed;Gap Analysis agent could not be started.;/discovery/0eb97ea8-b0a3-40cd-b9d8-74f36751d27b;false;2026-07-29 16:34:49.517176+00;0eb97ea8-b0a3-40cd-b9d8-74f36751d27b;error;Gap Analysis;agent.failed;discovery;0eb97ea8-b0a3-40cd-b9d8-74f36751d27b;Train Ticket Pro;"{""agent_key"":""gap""}";2026-07-29 16:34:49.517176+00
0b4333b0-ec69-4ae1-a658-6d75a6a4ad9e;e87e1f6b-1658-4aee-b7d7-3de7970dccc4;error;Risk & Challenge failed;Risk & Challenge agent could not be started.;/discovery/0eb97ea8-b0a3-40cd-b9d8-74f36751d27b;false;2026-07-29 16:34:49.656515+00;0eb97ea8-b0a3-40cd-b9d8-74f36751d27b;error;Risk & Challenge;agent.failed;discovery;0eb97ea8-b0a3-40cd-b9d8-74f36751d27b;Train Ticket Pro;"{""agent_key"":""risk""}";2026-07-29 16:34:49.656515+00
e05b463e-239a-4759-b642-b98ef7065e2a;e87e1f6b-1658-4aee-b7d7-3de7970dccc4;agent;Gap Analysis completed;Gap Analysis agent successfully completed.;/discovery/0eb97ea8-b0a3-40cd-b9d8-74f36751d27b;false;2026-07-29 16:37:29.696352+00;0eb97ea8-b0a3-40cd-b9d8-74f36751d27b;success;Gap Analysis;agent.completed;discovery;0eb97ea8-b0a3-40cd-b9d8-74f36751d27b;Train Ticket Pro;"{""agent_key"":""gap""}";2026-07-29 16:37:29.696352+00
0f0c0364-6651-4892-bc10-21e53cd81218;e87e1f6b-1658-4aee-b7d7-3de7970dccc4;agent;Risk & Challenge completed;Risk & Challenge agent successfully completed.;/discovery/0eb97ea8-b0a3-40cd-b9d8-74f36751d27b;false;2026-07-29 16:46:26.027862+00;0eb97ea8-b0a3-40cd-b9d8-74f36751d27b;success;Risk & Challenge;agent.completed;discovery;0eb97ea8-b0a3-40cd-b9d8-74f36751d27b;Train Ticket Pro;"{""agent_key"":""risk""}";2026-07-29 16:46:26.027862+00
ad244496-f78f-4a5a-9a57-d99940d59088;e87e1f6b-1658-4aee-b7d7-3de7970dccc4;agent;Feasibility Analysis completed;Feasibility Analysis agent successfully completed.;/discovery/0eb97ea8-b0a3-40cd-b9d8-74f36751d27b;false;2026-07-29 16:54:11.478388+00;0eb97ea8-b0a3-40cd-b9d8-74f36751d27b;success;Feasibility Analysis;agent.completed;discovery;0eb97ea8-b0a3-40cd-b9d8-74f36751d27b;Train Ticket Pro;"{""agent_key"":""feasibility""}";2026-07-29 16:54:11.478388+00
fcec2b5b-d8ed-4447-9afd-46870c63c7d8;e87e1f6b-1658-4aee-b7d7-3de7970dccc4;agent;Recommendation Engine completed;Recommendation Engine agent successfully completed.;/discovery/0eb97ea8-b0a3-40cd-b9d8-74f36751d27b;false;2026-07-29 16:58:19.200981+00;0eb97ea8-b0a3-40cd-b9d8-74f36751d27b;success;Recommendation Engine;agent.completed;discovery;0eb97ea8-b0a3-40cd-b9d8-74f36751d27b;Train Ticket Pro;"{""agent_key"":""recommendation""}";2026-07-29 16:58:19.200981+00
1d2db13f-0d71-4663-9e93-2c4a85ec2e36;e87e1f6b-1658-4aee-b7d7-3de7970dccc4;agent;Competitor Analysis completed;Competitor Analysis agent successfully completed.;/discovery/0eb97ea8-b0a3-40cd-b9d8-74f36751d27b;false;2026-07-29 17:02:36.299637+00;0eb97ea8-b0a3-40cd-b9d8-74f36751d27b;success;Competitor Analysis;agent.completed;discovery;0eb97ea8-b0a3-40cd-b9d8-74f36751d27b;Train Ticket Pro;"{""agent_key"":""competitor""}";2026-07-29 17:02:36.299637+00
92fa4d51-80fa-4fc3-8df1-4f3319c7422b;e87e1f6b-1658-4aee-b7d7-3de7970dccc4;analysis;New analysis created;An app to generate Study plan for students was queued for the discovery agents.;/discovery/558b8086-f6ef-4f1f-ba20-c8b0018d7228;false;2026-07-29 17:03:06.861351+00;558b8086-f6ef-4f1f-ba20-c8b0018d7228;success;;analysis.created;discovery;558b8086-f6ef-4f1f-ba20-c8b0018d7228;An app to generate Study plan for students;"{""industry"":null,""input_type"":""text""}";2026-07-29 17:03:06.861351+00
91a7561f-11ea-420d-ae2e-dc37c7331a9c;e87e1f6b-1658-4aee-b7d7-3de7970dccc4;error;Could not start the analysis pipeline;The analysis workflow isn't active in n8n. Activate the workflow (or click 'Execute workflow' for test URLs) and try again.;/discovery/558b8086-f6ef-4f1f-ba20-c8b0018d7228;false;2026-07-29 17:03:09.192608+00;558b8086-f6ef-4f1f-ba20-c8b0018d7228;error;;webhook.failed;;;An app to generate Study plan for students;{};2026-07-29 17:03:09.192608+00
f5239e4f-68eb-49be-b281-6783870d9ee5;e87e1f6b-1658-4aee-b7d7-3de7970dccc4;analysis;New analysis created;An app to generate Study plan for students was queued for the discovery agents.;/discovery/4953fcdc-c062-4a54-a9a4-4690d839fa1b;false;2026-07-29 17:05:45.07823+00;4953fcdc-c062-4a54-a9a4-4690d839fa1b;success;;analysis.created;discovery;4953fcdc-c062-4a54-a9a4-4690d839fa1b;An app to generate Study plan for students;"{""industry"":null,""input_type"":""text""}";2026-07-29 17:05:45.07823+00
b549c32b-9833-41df-b1de-ec3ca487ceac;e87e1f6b-1658-4aee-b7d7-3de7970dccc4;error;Could not start the analysis pipeline;The analysis workflow isn't active in n8n. Activate the workflow (or click 'Execute workflow' for test URLs) and try again.;/discovery/4953fcdc-c062-4a54-a9a4-4690d839fa1b;false;2026-07-29 17:05:46.098059+00;4953fcdc-c062-4a54-a9a4-4690d839fa1b;error;;webhook.failed;;;An app to generate Study plan for students;{};2026-07-29 17:05:46.098059+00
6f005df3-1516-4eeb-93cf-f08fd6ef72cd;e87e1f6b-1658-4aee-b7d7-3de7970dccc4;analysis;New analysis created;An app to generate Study plan for students was queued for the discovery agents.;/discovery/16f8641b-bb7b-451d-bdbe-04644c58adea;false;2026-07-29 17:09:28.484575+00;16f8641b-bb7b-451d-bdbe-04644c58adea;success;;analysis.created;discovery;16f8641b-bb7b-451d-bdbe-04644c58adea;An app to generate Study plan for students;"{""industry"":null,""input_type"":""text""}";2026-07-29 17:09:28.484575+00
f7d0e02b-5e54-4816-9539-97cdc99f1eb5;e87e1f6b-1658-4aee-b7d7-3de7970dccc4;error;Could not start the analysis pipeline;The analysis workflow isn't active in n8n. Activate the workflow (or click 'Execute workflow' for test URLs) and try again.;/discovery/16f8641b-bb7b-451d-bdbe-04644c58adea;false;2026-07-29 17:09:29.603353+00;16f8641b-bb7b-451d-bdbe-04644c58adea;error;;webhook.failed;;;An app to generate Study plan for students;{};2026-07-29 17:09:29.603353+00
04ed3eed-ea81-4f2a-b7ff-d69965c2048a;e87e1f6b-1658-4aee-b7d7-3de7970dccc4;analysis;New analysis created;An app to generate Study plan for students was queued for the discovery agents.;/discovery/4cf11e6b-71a7-4195-ac4e-556ada369d9a;false;2026-07-29 17:11:43.839839+00;4cf11e6b-71a7-4195-ac4e-556ada369d9a;success;;analysis.created;discovery;4cf11e6b-71a7-4195-ac4e-556ada369d9a;An app to generate Study plan for students;"{""industry"":null,""input_type"":""text""}";2026-07-29 17:11:43.839839+00
ee0d5cea-31a9-439e-a536-bdf109bfde3e;e87e1f6b-1658-4aee-b7d7-3de7970dccc4;error;Could not start the analysis pipeline;The analysis workflow isn't active in n8n. Activate the workflow (or click 'Execute workflow' for test URLs) and try again.;/discovery/4cf11e6b-71a7-4195-ac4e-556ada369d9a;false;2026-07-29 17:11:44.22742+00;4cf11e6b-71a7-4195-ac4e-556ada369d9a;error;;webhook.failed;;;An app to generate Study plan for students;{};2026-07-29 17:11:44.22742+00
f8b816d2-b40d-484e-b183-521f52a893c9;e87e1f6b-1658-4aee-b7d7-3de7970dccc4;analysis;New analysis created;An app to generate Study plan for students was queued for the discovery agents.;/discovery/3bd60115-93f9-4471-9354-daec5fa3b8fa;false;2026-07-29 17:14:18.263743+00;3bd60115-93f9-4471-9354-daec5fa3b8fa;success;;analysis.created;discovery;3bd60115-93f9-4471-9354-daec5fa3b8fa;An app to generate Study plan for students;"{""industry"":null,""input_type"":""text""}";2026-07-29 17:14:18.263743+00
9315c56d-2ec9-462d-b265-8f1d78600f96;e87e1f6b-1658-4aee-b7d7-3de7970dccc4;error;Could not start the analysis pipeline;The analysis workflow isn't active in n8n. Activate the workflow (or click 'Execute workflow' for test URLs) and try again.;/discovery/3bd60115-93f9-4471-9354-daec5fa3b8fa;false;2026-07-29 17:14:18.668282+00;3bd60115-93f9-4471-9354-daec5fa3b8fa;error;;webhook.failed;;;An app to generate Study plan for students;{};2026-07-29 17:14:18.668282+00
c05c1282-6e75-4c7e-9407-baf1cc0cd920;e87e1f6b-1658-4aee-b7d7-3de7970dccc4;analysis;New analysis created;An app to generate Study plan for students was queued for the discovery agents.;/discovery/a85ac8e7-03da-46ad-91a0-d643eccfe11a;false;2026-07-29 17:20:08.333925+00;a85ac8e7-03da-46ad-91a0-d643eccfe11a;success;;analysis.created;discovery;a85ac8e7-03da-46ad-91a0-d643eccfe11a;An app to generate Study plan for students;"{""industry"":null,""input_type"":""text""}";2026-07-29 17:20:08.333925+00
a75b281e-857a-4d84-aea5-c27567115c7c;e87e1f6b-1658-4aee-b7d7-3de7970dccc4;error;Could not start the analysis pipeline;The analysis workflow isn't active in n8n. Activate the workflow (or click 'Execute workflow' for test URLs) and try again.;/discovery/a85ac8e7-03da-46ad-91a0-d643eccfe11a;false;2026-07-29 17:20:09.489239+00;a85ac8e7-03da-46ad-91a0-d643eccfe11a;error;;webhook.failed;;;An app to generate Study plan for students;{};2026-07-29 17:20:09.489239+00
d6b47e11-2d1c-401c-835f-d57175a3141d;e87e1f6b-1658-4aee-b7d7-3de7970dccc4;analysis;New analysis created;An app to generate Study plan for students was queued for the discovery agents.;/discovery/8474c971-0405-4e81-917c-5d7af7553e94;false;2026-07-29 17:21:14.005042+00;8474c971-0405-4e81-917c-5d7af7553e94;success;;analysis.created;discovery;8474c971-0405-4e81-917c-5d7af7553e94;An app to generate Study plan for students;"{""industry"":null,""input_type"":""text""}";2026-07-29 17:21:14.005042+00
8c098255-e3b0-4810-a06c-bf739a92e313;e87e1f6b-1658-4aee-b7d7-3de7970dccc4;api;Analysis queued with the AI pipeline;Market Research workflow was triggered successfully.;/discovery/8474c971-0405-4e81-917c-5d7af7553e94;false;2026-07-29 17:21:18.963573+00;8474c971-0405-4e81-917c-5d7af7553e94;info;;webhook.triggered;;;An app to generate Study plan for students;{};2026-07-29 17:21:18.963573+00
ae8aa199-6bb8-4ec4-86d9-8d8522f24564;e87e1f6b-1658-4aee-b7d7-3de7970dccc4;analysis;Discovery Galaxy opened;Live agent orchestration started for this analysis.;/discovery/8474c971-0405-4e81-917c-5d7af7553e94;false;2026-07-29 17:21:21.897318+00;8474c971-0405-4e81-917c-5d7af7553e94;info;;galaxy.opened;;;;{};2026-07-29 17:21:21.897318+00
3a4205d0-bb88-46f5-9c38-d597d20be503;e87e1f6b-1658-4aee-b7d7-3de7970dccc4;agent;Competitor Analysis started;Competitor Analysis agent began working on your idea.;/discovery/8474c971-0405-4e81-917c-5d7af7553e94;false;2026-07-29 17:21:22.655272+00;8474c971-0405-4e81-917c-5d7af7553e94;info;Competitor Analysis;agent.started;discovery;8474c971-0405-4e81-917c-5d7af7553e94;;"{""agent_key"":""competitor""}";2026-07-29 17:21:22.655272+00
a2abd3a9-9a8b-4a3f-8b75-bdac85d32815;e87e1f6b-1658-4aee-b7d7-3de7970dccc4;agent;Market Research started;Market Research agent began working on your idea.;/discovery/8474c971-0405-4e81-917c-5d7af7553e94;false;2026-07-29 17:21:22.805056+00;8474c971-0405-4e81-917c-5d7af7553e94;info;Market Research;agent.started;discovery;8474c971-0405-4e81-917c-5d7af7553e94;;"{""agent_key"":""market_research""}";2026-07-29 17:21:22.805056+00
641fcb13-b31b-4b53-b389-27046265183d;e87e1f6b-1658-4aee-b7d7-3de7970dccc4;agent;Recommendation Engine started;Recommendation Engine agent began working on your idea.;/discovery/8474c971-0405-4e81-917c-5d7af7553e94;false;2026-07-29 17:21:23.670327+00;8474c971-0405-4e81-917c-5d7af7553e94;info;Recommendation Engine;agent.started;discovery;8474c971-0405-4e81-917c-5d7af7553e94;StudyPlanPro;"{""agent_key"":""recommendation""}";2026-07-29 17:21:23.670327+00
c108a6d7-251b-422a-a1b6-5fe9797d7c45;e87e1f6b-1658-4aee-b7d7-3de7970dccc4;agent;Feasibility Analysis completed;Feasibility Analysis agent successfully completed.;/discovery/8474c971-0405-4e81-917c-5d7af7553e94;false;2026-07-29 17:21:28.20668+00;8474c971-0405-4e81-917c-5d7af7553e94;success;Feasibility Analysis;agent.completed;discovery;8474c971-0405-4e81-917c-5d7af7553e94;StudyPlanPro;"{""agent_key"":""feasibility""}";2026-07-29 17:21:28.20668+00
6d20de80-0993-4028-85c0-550ec276f5b9;e87e1f6b-1658-4aee-b7d7-3de7970dccc4;agent;Feasibility Analysis started;Feasibility Analysis agent began working on your idea.;/discovery/8474c971-0405-4e81-917c-5d7af7553e94;false;2026-07-29 17:21:23.053954+00;8474c971-0405-4e81-917c-5d7af7553e94;info;Feasibility Analysis;agent.started;discovery;8474c971-0405-4e81-917c-5d7af7553e94;;"{""agent_key"":""feasibility""}";2026-07-29 17:21:23.053954+00
4395ece9-031c-4aa1-8676-9365f207f095;e87e1f6b-1658-4aee-b7d7-3de7970dccc4;agent;Risk & Challenge started;Risk & Challenge agent began working on your idea.;/discovery/8474c971-0405-4e81-917c-5d7af7553e94;false;2026-07-29 17:21:23.266396+00;8474c971-0405-4e81-917c-5d7af7553e94;info;Risk & Challenge;agent.started;discovery;8474c971-0405-4e81-917c-5d7af7553e94;StudyPlanPro;"{""agent_key"":""risk""}";2026-07-29 17:21:23.266396+00
008bd39c-1e88-45a9-959a-d2701e180b8e;e87e1f6b-1658-4aee-b7d7-3de7970dccc4;agent;Risk & Challenge completed;Risk & Challenge agent successfully completed.;/discovery/8474c971-0405-4e81-917c-5d7af7553e94;false;2026-07-29 17:21:28.359467+00;8474c971-0405-4e81-917c-5d7af7553e94;success;Risk & Challenge;agent.completed;discovery;8474c971-0405-4e81-917c-5d7af7553e94;StudyPlanPro;"{""agent_key"":""risk""}";2026-07-29 17:21:28.359467+00
cad773e4-17a2-4a17-b771-05c08da052ea;e87e1f6b-1658-4aee-b7d7-3de7970dccc4;agent;Gap Analysis started;Gap Analysis agent began working on your idea.;/discovery/8474c971-0405-4e81-917c-5d7af7553e94;false;2026-07-29 17:21:23.46307+00;8474c971-0405-4e81-917c-5d7af7553e94;info;Gap Analysis;agent.started;discovery;8474c971-0405-4e81-917c-5d7af7553e94;StudyPlanPro;"{""agent_key"":""gap""}";2026-07-29 17:21:23.46307+00
de2fbce2-6a14-4ec3-824e-42829d492bd3;e87e1f6b-1658-4aee-b7d7-3de7970dccc4;agent;Market Research completed;Market Research agent successfully completed.;/discovery/8474c971-0405-4e81-917c-5d7af7553e94;false;2026-07-29 17:21:27.760309+00;8474c971-0405-4e81-917c-5d7af7553e94;success;Market Research;agent.completed;discovery;8474c971-0405-4e81-917c-5d7af7553e94;StudyPlanPro;"{""agent_key"":""market_research""}";2026-07-29 17:21:27.760309+00
4d2b9848-0f73-48f5-8335-18e7e5a95ea3;e87e1f6b-1658-4aee-b7d7-3de7970dccc4;agent;Competitor Analysis completed;Competitor Analysis agent successfully completed.;/discovery/8474c971-0405-4e81-917c-5d7af7553e94;false;2026-07-29 17:21:27.923584+00;8474c971-0405-4e81-917c-5d7af7553e94;success;Competitor Analysis;agent.completed;discovery;8474c971-0405-4e81-917c-5d7af7553e94;StudyPlanPro;"{""agent_key"":""competitor""}";2026-07-29 17:21:27.923584+00
6d3ca359-8d9d-4908-9ca2-ba2626a0da41;e87e1f6b-1658-4aee-b7d7-3de7970dccc4;agent;Gap Analysis completed;Gap Analysis agent successfully completed.;/discovery/8474c971-0405-4e81-917c-5d7af7553e94;false;2026-07-29 17:21:28.06078+00;8474c971-0405-4e81-917c-5d7af7553e94;success;Gap Analysis;agent.completed;discovery;8474c971-0405-4e81-917c-5d7af7553e94;StudyPlanPro;"{""agent_key"":""gap""}";2026-07-29 17:21:28.06078+00
fa352bb2-2017-486d-9abe-00fb28348d4c;e87e1f6b-1658-4aee-b7d7-3de7970dccc4;agent;Recommendation Engine completed;Recommendation Engine agent successfully completed.;/discovery/8474c971-0405-4e81-917c-5d7af7553e94;false;2026-07-29 17:21:30.708513+00;8474c971-0405-4e81-917c-5d7af7553e94;success;Recommendation Engine;agent.completed;discovery;8474c971-0405-4e81-917c-5d7af7553e94;StudyPlanPro;"{""agent_key"":""recommendation""}";2026-07-29 17:21:30.708513+00
9ad8d550-5e05-48b1-b662-81e6ddf7bbf2;e87e1f6b-1658-4aee-b7d7-3de7970dccc4;analysis;Discovery Galaxy opened;Live agent orchestration started for this analysis.;/discovery/8474c971-0405-4e81-917c-5d7af7553e94;false;2026-07-29 17:25:26.98115+00;8474c971-0405-4e81-917c-5d7af7553e94;info;;galaxy.opened;;;;{};2026-07-29 17:25:26.98115+00
89714573-62da-4c9d-ae0c-aa946b58808b;651ce83c-c112-48b0-adb1-f273a478b269;analysis;New analysis created;An AI-powered app to demonstrate was queued for the discovery agents.;/discovery/da679802-d28c-4dab-9ea2-0e29fcb6b5af;false;2026-07-30 11:25:17.819557+00;da679802-d28c-4dab-9ea2-0e29fcb6b5af;success;;analysis.created;discovery;da679802-d28c-4dab-9ea2-0e29fcb6b5af;An AI-powered app to demonstrate;"{""industry"":null,""input_type"":""url""}";2026-07-30 11:25:17.819557+00
e40db0ce-1220-4874-9709-40e903b9e0f2;651ce83c-c112-48b0-adb1-f273a478b269;error;Could not start the analysis pipeline;The analysis service returned an error (500). Please try again.;/discovery/da679802-d28c-4dab-9ea2-0e29fcb6b5af;false;2026-07-30 11:25:24.575815+00;da679802-d28c-4dab-9ea2-0e29fcb6b5af;error;;webhook.failed;;;An AI-powered app to demonstrate;{};2026-07-30 11:25:24.575815+00
3e05d69d-520f-4f2d-ba84-7bf49d7e0e6c;651ce83c-c112-48b0-adb1-f273a478b269;analysis;New analysis created;An AI-powered career assistant that helps job seekers optimize their resumes for was queued for the discovery agents.;/discovery/95e8e0c6-e27d-42cd-81c8-75b0d92d2938;false;2026-07-30 11:40:03.03018+00;95e8e0c6-e27d-42cd-81c8-75b0d92d2938;success;;analysis.created;discovery;95e8e0c6-e27d-42cd-81c8-75b0d92d2938;An AI-powered career assistant that helps job seekers optimize their resumes for;"{""industry"":null,""input_type"":""url""}";2026-07-30 11:40:03.03018+00
ead34a34-b9bf-4e99-a315-fa738cdd9232;651ce83c-c112-48b0-adb1-f273a478b269;error;Could not start the analysis pipeline;The analysis service returned an error (500). Please try again.;/discovery/95e8e0c6-e27d-42cd-81c8-75b0d92d2938;false;2026-07-30 11:40:15.032885+00;95e8e0c6-e27d-42cd-81c8-75b0d92d2938;error;;webhook.failed;;;An AI-powered career assistant that helps job seekers optimize their resumes for;{};2026-07-30 11:40:15.032885+00
e32fd0d1-6009-48a8-bede-6da8b9d63292;651ce83c-c112-48b0-adb1-f273a478b269;analysis;New analysis created;An AI-powered career assistant that helps job seekers optimize their resumes for was queued for the discovery agents.;/discovery/483a6ef7-8035-45c3-bff9-42410e4e0174;false;2026-07-30 11:41:54.494129+00;483a6ef7-8035-45c3-bff9-42410e4e0174;success;;analysis.created;discovery;483a6ef7-8035-45c3-bff9-42410e4e0174;An AI-powered career assistant that helps job seekers optimize their resumes for;"{""industry"":null,""input_type"":""url""}";2026-07-30 11:41:54.494129+00
4b383cc0-bb63-4e3c-b81f-5f37bcc260f6;651ce83c-c112-48b0-adb1-f273a478b269;error;Could not start the analysis pipeline;The analysis service returned an error (500). Please try again.;/discovery/483a6ef7-8035-45c3-bff9-42410e4e0174;false;2026-07-30 11:41:59.956093+00;483a6ef7-8035-45c3-bff9-42410e4e0174;error;;webhook.failed;;;An AI-powered career assistant that helps job seekers optimize their resumes for;{};2026-07-30 11:41:59.956093+00
69b33236-f9ae-4f57-b128-a459be3b4e0b;651ce83c-c112-48b0-adb1-f273a478b269;analysis;New analysis created;An AI-powered career assistant that helps job seekers optimize their resumes for was queued for the discovery agents.;/discovery/714f1bc1-0beb-4687-85d3-733f22721285;false;2026-07-30 11:42:15.110303+00;714f1bc1-0beb-4687-85d3-733f22721285;success;;analysis.created;discovery;714f1bc1-0beb-4687-85d3-733f22721285;An AI-powered career assistant that helps job seekers optimize their resumes for;"{""industry"":null,""input_type"":""text""}";2026-07-30 11:42:15.110303+00
34ef6ad5-c4de-4a1e-a4aa-bfc23f380454;651ce83c-c112-48b0-adb1-f273a478b269;error;Could not start the analysis pipeline;The analysis service returned an error (500). Please try again.;/discovery/714f1bc1-0beb-4687-85d3-733f22721285;false;2026-07-30 11:42:19.336629+00;714f1bc1-0beb-4687-85d3-733f22721285;error;;webhook.failed;;;An AI-powered career assistant that helps job seekers optimize their resumes for;{};2026-07-30 11:42:19.336629+00
6af553c7-f5dd-4498-901b-2f2bca4a4b5b;651ce83c-c112-48b0-adb1-f273a478b269;analysis;New analysis created;An AI-powered career assistant that helps job seekers optimize their resumes for was queued for the discovery agents.;/discovery/6b91e92b-427f-41c9-89af-1de1baa28990;false;2026-07-30 11:44:11.215842+00;6b91e92b-427f-41c9-89af-1de1baa28990;success;;analysis.created;discovery;6b91e92b-427f-41c9-89af-1de1baa28990;An AI-powered career assistant that helps job seekers optimize their resumes for;"{""industry"":null,""input_type"":""text""}";2026-07-30 11:44:11.215842+00
edc6fd57-93e6-444a-8b49-98ed0a1a0379;651ce83c-c112-48b0-adb1-f273a478b269;error;Could not start the analysis pipeline;The analysis service returned an error (500). Please try again.;/discovery/6b91e92b-427f-41c9-89af-1de1baa28990;false;2026-07-30 11:44:15.63256+00;6b91e92b-427f-41c9-89af-1de1baa28990;error;;webhook.failed;;;An AI-powered career assistant that helps job seekers optimize their resumes for;{};2026-07-30 11:44:15.63256+00
3d96fe0f-4ed0-49ef-a986-eaad036838f4;651ce83c-c112-48b0-adb1-f273a478b269;analysis;New analysis created;An AI-powered career assistant that helps job seekers optimize their resumes for was queued for the discovery agents.;/discovery/2ccde316-94fe-405f-afdb-32a4756d81e5;false;2026-07-30 11:48:40.573442+00;2ccde316-94fe-405f-afdb-32a4756d81e5;success;;analysis.created;discovery;2ccde316-94fe-405f-afdb-32a4756d81e5;An AI-powered career assistant that helps job seekers optimize their resumes for;"{""industry"":null,""input_type"":""url""}";2026-07-30 11:48:40.573442+00
94859c78-9b98-46fc-9773-60caec685764;651ce83c-c112-48b0-adb1-f273a478b269;error;Could not start the analysis pipeline;The analysis service returned an error (500). Please try again.;/discovery/2ccde316-94fe-405f-afdb-32a4756d81e5;false;2026-07-30 11:48:46.578493+00;2ccde316-94fe-405f-afdb-32a4756d81e5;error;;webhook.failed;;;An AI-powered career assistant that helps job seekers optimize their resumes for;{};2026-07-30 11:48:46.578493+00
1eeed857-d9db-427b-994c-86207c6494d8;651ce83c-c112-48b0-adb1-f273a478b269;analysis;New analysis created;https://www.pepper.inc/ was queued for the discovery agents.;/discovery/016447ba-13c9-44fd-afbf-1806e9868ac2;false;2026-07-30 13:33:28.219457+00;016447ba-13c9-44fd-afbf-1806e9868ac2;success;;analysis.created;discovery;016447ba-13c9-44fd-afbf-1806e9868ac2;https://www.pepper.inc/;"{""industry"":null,""input_type"":""url""}";2026-07-30 13:33:28.219457+00
2e4814a9-2f77-4d4a-b88c-c301fc856ee0;651ce83c-c112-48b0-adb1-f273a478b269;error;Could not start the analysis pipeline;The analysis service returned an error (500). Please try again.;/discovery/016447ba-13c9-44fd-afbf-1806e9868ac2;false;2026-07-30 13:33:33.632438+00;016447ba-13c9-44fd-afbf-1806e9868ac2;error;;webhook.failed;;;https://www.pepper.inc/;{};2026-07-30 13:33:33.632438+00
e55c4c5c-7ce6-4b58-8a2c-4f7dd281238a;651ce83c-c112-48b0-adb1-f273a478b269;analysis;New analysis created;An AI-powered career assistant that helps job seekers optimize their resumes for was queued for the discovery agents.;/discovery/da9ca09d-4e86-4fa6-946d-42cabd474e55;false;2026-07-30 13:36:22.731865+00;da9ca09d-4e86-4fa6-946d-42cabd474e55;success;;analysis.created;discovery;da9ca09d-4e86-4fa6-946d-42cabd474e55;An AI-powered career assistant that helps job seekers optimize their resumes for;"{""industry"":null,""input_type"":""text""}";2026-07-30 13:36:22.731865+00
b375360e-9909-4ab4-9768-6a1917f77321;651ce83c-c112-48b0-adb1-f273a478b269;error;Could not start the analysis pipeline;The analysis service returned an error (500). Please try again.;/discovery/da9ca09d-4e86-4fa6-946d-42cabd474e55;false;2026-07-30 13:36:27.984781+00;da9ca09d-4e86-4fa6-946d-42cabd474e55;error;;webhook.failed;;;An AI-powered career assistant that helps job seekers optimize their resumes for;{};2026-07-30 13:36:27.984781+00
90a99d13-49b7-4088-8fc3-b8f37e5cb055;651ce83c-c112-48b0-adb1-f273a478b269;analysis;New analysis created;An AI-powered career assistant that helps job seekers optimize their resumes for was queued for the discovery agents.;/discovery/84baede4-7eb4-4fe7-a319-5b7705d416dc;false;2026-07-30 13:42:24.243757+00;84baede4-7eb4-4fe7-a319-5b7705d416dc;success;;analysis.created;discovery;84baede4-7eb4-4fe7-a319-5b7705d416dc;An AI-powered career assistant that helps job seekers optimize their resumes for;"{""industry"":null,""input_type"":""text""}";2026-07-30 13:42:24.243757+00
5392e73d-1608-445a-a657-72f2bf619e65;651ce83c-c112-48b0-adb1-f273a478b269;api;Analysis queued with the AI pipeline;Market Research workflow was triggered successfully.;/discovery/84baede4-7eb4-4fe7-a319-5b7705d416dc;false;2026-07-30 13:42:29.42855+00;84baede4-7eb4-4fe7-a319-5b7705d416dc;info;;webhook.triggered;;;An AI-powered career assistant that helps job seekers optimize their resumes for;{};2026-07-30 13:42:29.42855+00
d6c911bb-d66d-4350-ae5e-1b646cbee86a;651ce83c-c112-48b0-adb1-f273a478b269;analysis;Discovery Galaxy opened;Live agent orchestration started for this analysis.;/discovery/84baede4-7eb4-4fe7-a319-5b7705d416dc;false;2026-07-30 13:42:30.03854+00;84baede4-7eb4-4fe7-a319-5b7705d416dc;info;;galaxy.opened;;;;{};2026-07-30 13:42:30.03854+00
1a7f2fac-764c-450b-9a2e-6fd233503bf4;651ce83c-c112-48b0-adb1-f273a478b269;agent;Market Research started;Market Research agent began working on your idea.;/discovery/84baede4-7eb4-4fe7-a319-5b7705d416dc;false;2026-07-30 13:42:30.481431+00;84baede4-7eb4-4fe7-a319-5b7705d416dc;info;Market Research;agent.started;discovery;84baede4-7eb4-4fe7-a319-5b7705d416dc;Resume Optimizer;"{""agent_key"":""market_research""}";2026-07-30 13:42:30.481431+00
c9fafa1e-4545-4a91-b887-df5289aabac4;651ce83c-c112-48b0-adb1-f273a478b269;agent;Gap Analysis started;Gap Analysis agent began working on your idea.;/discovery/84baede4-7eb4-4fe7-a319-5b7705d416dc;false;2026-07-30 13:42:30.63232+00;84baede4-7eb4-4fe7-a319-5b7705d416dc;info;Gap Analysis;agent.started;discovery;84baede4-7eb4-4fe7-a319-5b7705d416dc;Resume Optimizer;"{""agent_key"":""gap""}";2026-07-30 13:42:30.63232+00
070f72f3-0a3e-4371-99b1-4c8c3dc5294a;651ce83c-c112-48b0-adb1-f273a478b269;agent;Competitor Analysis started;Competitor Analysis agent began working on your idea.;/discovery/84baede4-7eb4-4fe7-a319-5b7705d416dc;false;2026-07-30 13:42:30.780061+00;84baede4-7eb4-4fe7-a319-5b7705d416dc;info;Competitor Analysis;agent.started;discovery;84baede4-7eb4-4fe7-a319-5b7705d416dc;Resume Optimizer;"{""agent_key"":""competitor""}";2026-07-30 13:42:30.780061+00
21e69646-986b-4042-baa7-c470c7a8de6c;651ce83c-c112-48b0-adb1-f273a478b269;agent;Recommendation Engine started;Recommendation Engine agent began working on your idea.;/discovery/84baede4-7eb4-4fe7-a319-5b7705d416dc;false;2026-07-30 13:42:31.044937+00;84baede4-7eb4-4fe7-a319-5b7705d416dc;info;Recommendation Engine;agent.started;discovery;84baede4-7eb4-4fe7-a319-5b7705d416dc;Resume Optimizer;"{""agent_key"":""recommendation""}";2026-07-30 13:42:31.044937+00
0c76eac2-019c-4ccd-99ac-5212cff85075;651ce83c-c112-48b0-adb1-f273a478b269;agent;Risk & Challenge started;Risk & Challenge agent began working on your idea.;/discovery/84baede4-7eb4-4fe7-a319-5b7705d416dc;false;2026-07-30 13:42:31.107781+00;84baede4-7eb4-4fe7-a319-5b7705d416dc;info;Risk & Challenge;agent.started;discovery;84baede4-7eb4-4fe7-a319-5b7705d416dc;Resume Optimizer;"{""agent_key"":""risk""}";2026-07-30 13:42:31.107781+00
f798852c-d51c-4062-b1c6-558cd77dfc45;651ce83c-c112-48b0-adb1-f273a478b269;agent;Feasibility Analysis started;Feasibility Analysis agent began working on your idea.;/discovery/84baede4-7eb4-4fe7-a319-5b7705d416dc;false;2026-07-30 13:42:31.265487+00;84baede4-7eb4-4fe7-a319-5b7705d416dc;info;Feasibility Analysis;agent.started;discovery;84baede4-7eb4-4fe7-a319-5b7705d416dc;Resume Optimizer;"{""agent_key"":""feasibility""}";2026-07-30 13:42:31.265487+00
9bece5ac-abfd-4eb7-9fca-4c9648d0e931;651ce83c-c112-48b0-adb1-f273a478b269;agent;Competitor Analysis completed;Competitor Analysis agent successfully completed.;/discovery/84baede4-7eb4-4fe7-a319-5b7705d416dc;false;2026-07-30 13:42:36.042743+00;84baede4-7eb4-4fe7-a319-5b7705d416dc;success;Competitor Analysis;agent.completed;discovery;84baede4-7eb4-4fe7-a319-5b7705d416dc;Resume Optimizer;"{""agent_key"":""competitor""}";2026-07-30 13:42:36.042743+00
50af8478-d86e-4893-a657-4b4dbbeffbc2;651ce83c-c112-48b0-adb1-f273a478b269;agent;Gap Analysis completed;Gap Analysis agent successfully completed.;/discovery/84baede4-7eb4-4fe7-a319-5b7705d416dc;false;2026-07-30 13:42:36.192297+00;84baede4-7eb4-4fe7-a319-5b7705d416dc;success;Gap Analysis;agent.completed;discovery;84baede4-7eb4-4fe7-a319-5b7705d416dc;Resume Optimizer;"{""agent_key"":""gap""}";2026-07-30 13:42:36.192297+00
7cc03752-529f-4ef3-888a-72839a64f36d;651ce83c-c112-48b0-adb1-f273a478b269;agent;Feasibility Analysis completed;Feasibility Analysis agent successfully completed.;/discovery/84baede4-7eb4-4fe7-a319-5b7705d416dc;false;2026-07-30 13:42:36.349666+00;84baede4-7eb4-4fe7-a319-5b7705d416dc;success;Feasibility Analysis;agent.completed;discovery;84baede4-7eb4-4fe7-a319-5b7705d416dc;Resume Optimizer;"{""agent_key"":""feasibility""}";2026-07-30 13:42:36.349666+00
9c18698b-6d78-4ee1-a97f-b12b9465e796;651ce83c-c112-48b0-adb1-f273a478b269;agent;Risk & Challenge completed;Risk & Challenge agent successfully completed.;/discovery/84baede4-7eb4-4fe7-a319-5b7705d416dc;false;2026-07-30 13:42:38.859164+00;84baede4-7eb4-4fe7-a319-5b7705d416dc;success;Risk & Challenge;agent.completed;discovery;84baede4-7eb4-4fe7-a319-5b7705d416dc;Resume Optimizer;"{""agent_key"":""risk""}";2026-07-30 13:42:38.859164+00
001787c2-af92-4234-b45c-5b3bf1113235;651ce83c-c112-48b0-adb1-f273a478b269;agent;Market Research completed;Market Research agent successfully completed.;/discovery/84baede4-7eb4-4fe7-a319-5b7705d416dc;false;2026-07-30 13:42:35.897365+00;84baede4-7eb4-4fe7-a319-5b7705d416dc;success;Market Research;agent.completed;discovery;84baede4-7eb4-4fe7-a319-5b7705d416dc;Resume Optimizer;"{""agent_key"":""market_research""}";2026-07-30 13:42:35.897365+00
74f88dd5-65dd-4815-9a50-382c8d6f17d3;651ce83c-c112-48b0-adb1-f273a478b269;agent;Recommendation Engine completed;Recommendation Engine agent successfully completed.;/discovery/84baede4-7eb4-4fe7-a319-5b7705d416dc;false;2026-07-30 13:42:36.490015+00;84baede4-7eb4-4fe7-a319-5b7705d416dc;success;Recommendation Engine;agent.completed;discovery;84baede4-7eb4-4fe7-a319-5b7705d416dc;Resume Optimizer;"{""agent_key"":""recommendation""}";2026-07-30 13:42:36.490015+00
6d9eb3d6-aa99-498b-9d37-86d10b0d6864;651ce83c-c112-48b0-adb1-f273a478b269;analysis;Discovery Galaxy opened;Live agent orchestration started for this analysis.;/discovery/2ccde316-94fe-405f-afdb-32a4756d81e5;false;2026-07-30 15:24:34.990217+00;2ccde316-94fe-405f-afdb-32a4756d81e5;info;;galaxy.opened;;;;{};2026-07-30 15:24:34.990217+00
446327d0-2a3b-41c7-aea6-0253cc9e27a4;651ce83c-c112-48b0-adb1-f273a478b269;agent;Feasibility Analysis started;Feasibility Analysis agent began working on your idea.;/discovery/2ccde316-94fe-405f-afdb-32a4756d81e5;false;2026-07-30 15:24:35.291495+00;2ccde316-94fe-405f-afdb-32a4756d81e5;info;Feasibility Analysis;agent.started;discovery;2ccde316-94fe-405f-afdb-32a4756d81e5;;"{""agent_key"":""feasibility""}";2026-07-30 15:24:35.291495+00
7cb533ac-b4f3-47cb-b78b-d1817d76a4f6;651ce83c-c112-48b0-adb1-f273a478b269;agent;Market Research started;Market Research agent began working on your idea.;/discovery/2ccde316-94fe-405f-afdb-32a4756d81e5;false;2026-07-30 15:24:35.421719+00;2ccde316-94fe-405f-afdb-32a4756d81e5;info;Market Research;agent.started;discovery;2ccde316-94fe-405f-afdb-32a4756d81e5;;"{""agent_key"":""market_research""}";2026-07-30 15:24:35.421719+00
0b07a713-839d-46e2-acaf-18729cf54226;651ce83c-c112-48b0-adb1-f273a478b269;agent;Gap Analysis started;Gap Analysis agent began working on your idea.;/discovery/2ccde316-94fe-405f-afdb-32a4756d81e5;false;2026-07-30 15:24:35.573129+00;2ccde316-94fe-405f-afdb-32a4756d81e5;info;Gap Analysis;agent.started;discovery;2ccde316-94fe-405f-afdb-32a4756d81e5;;"{""agent_key"":""gap""}";2026-07-30 15:24:35.573129+00
567664e7-39c4-4d80-80d9-3f8674fd1c7d;651ce83c-c112-48b0-adb1-f273a478b269;agent;Risk & Challenge started;Risk & Challenge agent began working on your idea.;/discovery/2ccde316-94fe-405f-afdb-32a4756d81e5;false;2026-07-30 15:24:35.728669+00;2ccde316-94fe-405f-afdb-32a4756d81e5;info;Risk & Challenge;agent.started;discovery;2ccde316-94fe-405f-afdb-32a4756d81e5;;"{""agent_key"":""risk""}";2026-07-30 15:24:35.728669+00
fbecbd31-8bb7-4084-a5e2-4c23d375eb8a;651ce83c-c112-48b0-adb1-f273a478b269;agent;Recommendation Engine started;Recommendation Engine agent began working on your idea.;/discovery/2ccde316-94fe-405f-afdb-32a4756d81e5;false;2026-07-30 15:24:35.870767+00;2ccde316-94fe-405f-afdb-32a4756d81e5;info;Recommendation Engine;agent.started;discovery;2ccde316-94fe-405f-afdb-32a4756d81e5;;"{""agent_key"":""recommendation""}";2026-07-30 15:24:35.870767+00
0fdb5743-86c5-4916-b5a9-32466d8acd49;651ce83c-c112-48b0-adb1-f273a478b269;agent;Competitor Analysis started;Competitor Analysis agent began working on your idea.;/discovery/2ccde316-94fe-405f-afdb-32a4756d81e5;false;2026-07-30 15:24:36.029226+00;2ccde316-94fe-405f-afdb-32a4756d81e5;info;Competitor Analysis;agent.started;discovery;2ccde316-94fe-405f-afdb-32a4756d81e5;;"{""agent_key"":""competitor""}";2026-07-30 15:24:36.029226+00
971f5527-5740-484b-9648-d7460fcee27e;e87e1f6b-1658-4aee-b7d7-3de7970dccc4;auth;Signed out;You signed out of AI Idea Forge.;/settings;false;2026-07-30 15:25:26.420704+00;;info;;auth.signed_out;profile;;;{};2026-07-30 15:25:26.420704+00
f43edc4f-b05b-445d-ae16-6c528efd78e0;651ce83c-c112-48b0-adb1-f273a478b269;analysis;Discovery Galaxy opened;Live agent orchestration started for this analysis.;/discovery/da9ca09d-4e86-4fa6-946d-42cabd474e55;false;2026-07-30 15:25:53.487386+00;da9ca09d-4e86-4fa6-946d-42cabd474e55;info;;galaxy.opened;;;;{};2026-07-30 15:25:53.487386+00
b77173db-03bb-41ee-b5ab-27a440d7143a;651ce83c-c112-48b0-adb1-f273a478b269;agent;Market Research started;Market Research agent began working on your idea.;/discovery/da9ca09d-4e86-4fa6-946d-42cabd474e55;false;2026-07-30 15:25:54.24257+00;da9ca09d-4e86-4fa6-946d-42cabd474e55;info;Market Research;agent.started;discovery;da9ca09d-4e86-4fa6-946d-42cabd474e55;;"{""agent_key"":""market_research""}";2026-07-30 15:25:54.24257+00
ce3c896e-72a1-4ea9-8660-919721dc3d30;651ce83c-c112-48b0-adb1-f273a478b269;agent;Competitor Analysis started;Competitor Analysis agent began working on your idea.;/discovery/da9ca09d-4e86-4fa6-946d-42cabd474e55;false;2026-07-30 15:25:54.360761+00;da9ca09d-4e86-4fa6-946d-42cabd474e55;info;Competitor Analysis;agent.started;discovery;da9ca09d-4e86-4fa6-946d-42cabd474e55;;"{""agent_key"":""competitor""}";2026-07-30 15:25:54.360761+00
5e517d6c-4535-4d20-9418-99276532589c;651ce83c-c112-48b0-adb1-f273a478b269;agent;Gap Analysis started;Gap Analysis agent began working on your idea.;/discovery/da9ca09d-4e86-4fa6-946d-42cabd474e55;false;2026-07-30 15:25:54.507899+00;da9ca09d-4e86-4fa6-946d-42cabd474e55;info;Gap Analysis;agent.started;discovery;da9ca09d-4e86-4fa6-946d-42cabd474e55;;"{""agent_key"":""gap""}";2026-07-30 15:25:54.507899+00
9020c592-71f6-430c-9018-ef80b35167ed;651ce83c-c112-48b0-adb1-f273a478b269;agent;Recommendation Engine started;Recommendation Engine agent began working on your idea.;/discovery/da9ca09d-4e86-4fa6-946d-42cabd474e55;false;2026-07-30 15:25:54.652012+00;da9ca09d-4e86-4fa6-946d-42cabd474e55;info;Recommendation Engine;agent.started;discovery;da9ca09d-4e86-4fa6-946d-42cabd474e55;;"{""agent_key"":""recommendation""}";2026-07-30 15:25:54.652012+00
7b0076e0-e8b4-441f-aafc-e03fbd207af5;651ce83c-c112-48b0-adb1-f273a478b269;agent;Risk & Challenge started;Risk & Challenge agent began working on your idea.;/discovery/da9ca09d-4e86-4fa6-946d-42cabd474e55;false;2026-07-30 15:25:54.788513+00;da9ca09d-4e86-4fa6-946d-42cabd474e55;info;Risk & Challenge;agent.started;discovery;da9ca09d-4e86-4fa6-946d-42cabd474e55;;"{""agent_key"":""risk""}";2026-07-30 15:25:54.788513+00
a8dc7bd8-04e2-471c-8886-a7c0e6b9dc78;651ce83c-c112-48b0-adb1-f273a478b269;agent;Feasibility Analysis started;Feasibility Analysis agent began working on your idea.;/discovery/da9ca09d-4e86-4fa6-946d-42cabd474e55;false;2026-07-30 15:25:54.929272+00;da9ca09d-4e86-4fa6-946d-42cabd474e55;info;Feasibility Analysis;agent.started;discovery;da9ca09d-4e86-4fa6-946d-42cabd474e55;;"{""agent_key"":""feasibility""}";2026-07-30 15:25:54.929272+00
e56b2198-d720-48bf-b0c9-d571397ffeaa;651ce83c-c112-48b0-adb1-f273a478b269;analysis;Discovery Galaxy opened;Live agent orchestration started for this analysis.;/discovery/016447ba-13c9-44fd-afbf-1806e9868ac2;false;2026-07-30 15:29:20.463329+00;016447ba-13c9-44fd-afbf-1806e9868ac2;info;;galaxy.opened;;;;{};2026-07-30 15:29:20.463329+00
1180e622-e93a-4b90-8a3c-aa9467c87eee;651ce83c-c112-48b0-adb1-f273a478b269;agent;Market Research started;Market Research agent began working on your idea.;/discovery/016447ba-13c9-44fd-afbf-1806e9868ac2;false;2026-07-30 15:29:20.889039+00;016447ba-13c9-44fd-afbf-1806e9868ac2;info;Market Research;agent.started;discovery;016447ba-13c9-44fd-afbf-1806e9868ac2;;"{""agent_key"":""market_research""}";2026-07-30 15:29:20.889039+00
ad4f1f59-a4ae-42ca-a7a4-0634972a883e;651ce83c-c112-48b0-adb1-f273a478b269;agent;Competitor Analysis started;Competitor Analysis agent began working on your idea.;/discovery/016447ba-13c9-44fd-afbf-1806e9868ac2;false;2026-07-30 15:29:21.042845+00;016447ba-13c9-44fd-afbf-1806e9868ac2;info;Competitor Analysis;agent.started;discovery;016447ba-13c9-44fd-afbf-1806e9868ac2;;"{""agent_key"":""competitor""}";2026-07-30 15:29:21.042845+00
2b771b48-2e49-44dd-8749-7e456870da63;651ce83c-c112-48b0-adb1-f273a478b269;agent;Recommendation Engine started;Recommendation Engine agent began working on your idea.;/discovery/016447ba-13c9-44fd-afbf-1806e9868ac2;false;2026-07-30 15:29:21.19703+00;016447ba-13c9-44fd-afbf-1806e9868ac2;info;Recommendation Engine;agent.started;discovery;016447ba-13c9-44fd-afbf-1806e9868ac2;;"{""agent_key"":""recommendation""}";2026-07-30 15:29:21.19703+00
8d42cc3d-4b91-4ba8-887b-d6351868f0e9;651ce83c-c112-48b0-adb1-f273a478b269;agent;Feasibility Analysis started;Feasibility Analysis agent began working on your idea.;/discovery/016447ba-13c9-44fd-afbf-1806e9868ac2;false;2026-07-30 15:29:21.340133+00;016447ba-13c9-44fd-afbf-1806e9868ac2;info;Feasibility Analysis;agent.started;discovery;016447ba-13c9-44fd-afbf-1806e9868ac2;;"{""agent_key"":""feasibility""}";2026-07-30 15:29:21.340133+00
c685d4bf-e8c1-464e-af5e-c3b8de52a8b0;651ce83c-c112-48b0-adb1-f273a478b269;agent;Risk & Challenge started;Risk & Challenge agent began working on your idea.;/discovery/016447ba-13c9-44fd-afbf-1806e9868ac2;false;2026-07-30 15:29:21.50223+00;016447ba-13c9-44fd-afbf-1806e9868ac2;info;Risk & Challenge;agent.started;discovery;016447ba-13c9-44fd-afbf-1806e9868ac2;;"{""agent_key"":""risk""}";2026-07-30 15:29:21.50223+00
d162fa75-03b1-4583-a9e3-d6423794ce3e;651ce83c-c112-48b0-adb1-f273a478b269;agent;Gap Analysis started;Gap Analysis agent began working on your idea.;/discovery/016447ba-13c9-44fd-afbf-1806e9868ac2;false;2026-07-30 15:29:21.648834+00;016447ba-13c9-44fd-afbf-1806e9868ac2;info;Gap Analysis;agent.started;discovery;016447ba-13c9-44fd-afbf-1806e9868ac2;;"{""agent_key"":""gap""}";2026-07-30 15:29:21.648834+00
1446f815-5e9e-4fa7-afeb-97dd0d85d48c;651ce83c-c112-48b0-adb1-f273a478b269;analysis;Discovery Galaxy opened;Live agent orchestration started for this analysis.;/discovery/da9ca09d-4e86-4fa6-946d-42cabd474e55;false;2026-07-30 15:30:10.140856+00;da9ca09d-4e86-4fa6-946d-42cabd474e55;info;;galaxy.opened;;;;{};2026-07-30 15:30:10.140856+00
939fb618-b977-4e96-9013-ae40e5fcd2f7;651ce83c-c112-48b0-adb1-f273a478b269;agent;Feasibility Analysis started;Feasibility Analysis agent began working on your idea.;/discovery/da9ca09d-4e86-4fa6-946d-42cabd474e55;false;2026-07-30 15:30:10.583956+00;da9ca09d-4e86-4fa6-946d-42cabd474e55;info;Feasibility Analysis;agent.started;discovery;da9ca09d-4e86-4fa6-946d-42cabd474e55;;"{""agent_key"":""feasibility""}";2026-07-30 15:30:10.583956+00
b08683c3-87fa-451c-b604-958eaa0739ca;651ce83c-c112-48b0-adb1-f273a478b269;agent;Recommendation Engine started;Recommendation Engine agent began working on your idea.;/discovery/da9ca09d-4e86-4fa6-946d-42cabd474e55;false;2026-07-30 15:30:10.744286+00;da9ca09d-4e86-4fa6-946d-42cabd474e55;info;Recommendation Engine;agent.started;discovery;da9ca09d-4e86-4fa6-946d-42cabd474e55;;"{""agent_key"":""recommendation""}";2026-07-30 15:30:10.744286+00
b2569235-e629-4481-a6e1-b87f3f221e86;651ce83c-c112-48b0-adb1-f273a478b269;agent;Competitor Analysis started;Competitor Analysis agent began working on your idea.;/discovery/da9ca09d-4e86-4fa6-946d-42cabd474e55;false;2026-07-30 15:30:10.900187+00;da9ca09d-4e86-4fa6-946d-42cabd474e55;info;Competitor Analysis;agent.started;discovery;da9ca09d-4e86-4fa6-946d-42cabd474e55;;"{""agent_key"":""competitor""}";2026-07-30 15:30:10.900187+00
a270c483-2a7f-4b47-99ee-6e03d2aeee1f;651ce83c-c112-48b0-adb1-f273a478b269;agent;Gap Analysis started;Gap Analysis agent began working on your idea.;/discovery/da9ca09d-4e86-4fa6-946d-42cabd474e55;false;2026-07-30 15:30:11.051453+00;da9ca09d-4e86-4fa6-946d-42cabd474e55;info;Gap Analysis;agent.started;discovery;da9ca09d-4e86-4fa6-946d-42cabd474e55;;"{""agent_key"":""gap""}";2026-07-30 15:30:11.051453+00
17a828c4-a4ab-49f3-9653-d21eb2453a9e;651ce83c-c112-48b0-adb1-f273a478b269;agent;Market Research started;Market Research agent began working on your idea.;/discovery/da9ca09d-4e86-4fa6-946d-42cabd474e55;false;2026-07-30 15:30:11.200471+00;da9ca09d-4e86-4fa6-946d-42cabd474e55;info;Market Research;agent.started;discovery;da9ca09d-4e86-4fa6-946d-42cabd474e55;;"{""agent_key"":""market_research""}";2026-07-30 15:30:11.200471+00
0f99f22b-d472-4d12-95f1-e95b64fd8930;651ce83c-c112-48b0-adb1-f273a478b269;agent;Risk & Challenge started;Risk & Challenge agent began working on your idea.;/discovery/da9ca09d-4e86-4fa6-946d-42cabd474e55;false;2026-07-30 15:30:11.357323+00;da9ca09d-4e86-4fa6-946d-42cabd474e55;info;Risk & Challenge;agent.started;discovery;da9ca09d-4e86-4fa6-946d-42cabd474e55;;"{""agent_key"":""risk""}";2026-07-30 15:30:11.357323+00
9b4b28c2-baa6-4686-9829-4121045dcbfa;651ce83c-c112-48b0-adb1-f273a478b269;error;Competitor Analysis failed;Competitor Analysis agent timed out before finishing.;/discovery/da9ca09d-4e86-4fa6-946d-42cabd474e55;false;2026-07-30 15:43:16.603779+00;da9ca09d-4e86-4fa6-946d-42cabd474e55;error;Competitor Analysis;agent.failed;discovery;da9ca09d-4e86-4fa6-946d-42cabd474e55;;"{""agent_key"":""competitor""}";2026-07-30 15:43:16.603779+00
3421e6c4-7871-49ba-af06-83ecd370cf68;651ce83c-c112-48b0-adb1-f273a478b269;error;Feasibility Analysis failed;Feasibility Analysis agent timed out before finishing.;/discovery/da9ca09d-4e86-4fa6-946d-42cabd474e55;false;2026-07-30 15:43:16.74921+00;da9ca09d-4e86-4fa6-946d-42cabd474e55;error;Feasibility Analysis;agent.failed;discovery;da9ca09d-4e86-4fa6-946d-42cabd474e55;;"{""agent_key"":""feasibility""}";2026-07-30 15:43:16.74921+00
3ec0a934-42d3-4e30-8476-69bbb19c3a99;651ce83c-c112-48b0-adb1-f273a478b269;error;Risk & Challenge failed;Risk & Challenge agent timed out before finishing.;/discovery/da9ca09d-4e86-4fa6-946d-42cabd474e55;false;2026-07-30 15:43:16.91168+00;da9ca09d-4e86-4fa6-946d-42cabd474e55;error;Risk & Challenge;agent.failed;discovery;da9ca09d-4e86-4fa6-946d-42cabd474e55;;"{""agent_key"":""risk""}";2026-07-30 15:43:16.91168+00
68bb699d-c5c5-491c-b42f-0233b199f322;651ce83c-c112-48b0-adb1-f273a478b269;error;Recommendation Engine failed;Recommendation Engine agent timed out before finishing.;/discovery/da9ca09d-4e86-4fa6-946d-42cabd474e55;false;2026-07-30 15:43:17.062165+00;da9ca09d-4e86-4fa6-946d-42cabd474e55;error;Recommendation Engine;agent.failed;discovery;da9ca09d-4e86-4fa6-946d-42cabd474e55;;"{""agent_key"":""recommendation""}";2026-07-30 15:43:17.062165+00
bfb86680-6300-4cc0-a789-f0b68cad9bfb;651ce83c-c112-48b0-adb1-f273a478b269;error;Gap Analysis failed;Gap Analysis agent timed out before finishing.;/discovery/da9ca09d-4e86-4fa6-946d-42cabd474e55;false;2026-07-30 15:43:17.212109+00;da9ca09d-4e86-4fa6-946d-42cabd474e55;error;Gap Analysis;agent.failed;discovery;da9ca09d-4e86-4fa6-946d-42cabd474e55;;"{""agent_key"":""gap""}";2026-07-30 15:43:17.212109+00
71823cdb-8a2f-4914-bd0a-d9b8d3f2733a;651ce83c-c112-48b0-adb1-f273a478b269;error;Market Research failed;Market Research agent timed out before finishing.;/discovery/da9ca09d-4e86-4fa6-946d-42cabd474e55;false;2026-07-30 15:43:17.367669+00;da9ca09d-4e86-4fa6-946d-42cabd474e55;error;Market Research;agent.failed;discovery;da9ca09d-4e86-4fa6-946d-42cabd474e55;;"{""agent_key"":""market_research""}";2026-07-30 15:43:17.367669+00
ed79ed94-7217-44ff-a16f-23518fbc4aa6;651ce83c-c112-48b0-adb1-f273a478b269;analysis;Discovery Galaxy opened;Live agent orchestration started for this analysis.;/discovery/da9ca09d-4e86-4fa6-946d-42cabd474e55;false;2026-07-30 15:44:19.082812+00;da9ca09d-4e86-4fa6-946d-42cabd474e55;info;;galaxy.opened;;;;{};2026-07-30 15:44:19.082812+00
17f55246-b11b-4bff-bcaa-5ee73d715939;651ce83c-c112-48b0-adb1-f273a478b269;agent;Feasibility Analysis started;Feasibility Analysis agent began working on your idea.;/discovery/da9ca09d-4e86-4fa6-946d-42cabd474e55;false;2026-07-30 15:44:19.5397+00;da9ca09d-4e86-4fa6-946d-42cabd474e55;info;Feasibility Analysis;agent.started;discovery;da9ca09d-4e86-4fa6-946d-42cabd474e55;;"{""agent_key"":""feasibility""}";2026-07-30 15:44:19.5397+00
c1c78445-903c-4d06-8460-7404d73e30f1;651ce83c-c112-48b0-adb1-f273a478b269;agent;Gap Analysis started;Gap Analysis agent began working on your idea.;/discovery/da9ca09d-4e86-4fa6-946d-42cabd474e55;false;2026-07-30 15:44:19.699197+00;da9ca09d-4e86-4fa6-946d-42cabd474e55;info;Gap Analysis;agent.started;discovery;da9ca09d-4e86-4fa6-946d-42cabd474e55;;"{""agent_key"":""gap""}";2026-07-30 15:44:19.699197+00
22e1d806-2c41-4d39-ba08-c0d808379d70;651ce83c-c112-48b0-adb1-f273a478b269;agent;Competitor Analysis started;Competitor Analysis agent began working on your idea.;/discovery/da9ca09d-4e86-4fa6-946d-42cabd474e55;false;2026-07-30 15:44:19.833329+00;da9ca09d-4e86-4fa6-946d-42cabd474e55;info;Competitor Analysis;agent.started;discovery;da9ca09d-4e86-4fa6-946d-42cabd474e55;;"{""agent_key"":""competitor""}";2026-07-30 15:44:19.833329+00
47621302-b440-42a8-b40f-e60385655ab0;651ce83c-c112-48b0-adb1-f273a478b269;agent;Recommendation Engine started;Recommendation Engine agent began working on your idea.;/discovery/da9ca09d-4e86-4fa6-946d-42cabd474e55;false;2026-07-30 15:44:19.98536+00;da9ca09d-4e86-4fa6-946d-42cabd474e55;info;Recommendation Engine;agent.started;discovery;da9ca09d-4e86-4fa6-946d-42cabd474e55;;"{""agent_key"":""recommendation""}";2026-07-30 15:44:19.98536+00
c1eb4732-994c-45c2-90e2-3314bbccb5ff;651ce83c-c112-48b0-adb1-f273a478b269;agent;Risk & Challenge started;Risk & Challenge agent began working on your idea.;/discovery/da9ca09d-4e86-4fa6-946d-42cabd474e55;false;2026-07-30 15:44:20.125401+00;da9ca09d-4e86-4fa6-946d-42cabd474e55;info;Risk & Challenge;agent.started;discovery;da9ca09d-4e86-4fa6-946d-42cabd474e55;;"{""agent_key"":""risk""}";2026-07-30 15:44:20.125401+00
57d4199c-29d4-49da-8d79-fa0c6a663110;651ce83c-c112-48b0-adb1-f273a478b269;agent;Market Research started;Market Research agent began working on your idea.;/discovery/da9ca09d-4e86-4fa6-946d-42cabd474e55;false;2026-07-30 15:44:20.285915+00;da9ca09d-4e86-4fa6-946d-42cabd474e55;info;Market Research;agent.started;discovery;da9ca09d-4e86-4fa6-946d-42cabd474e55;;"{""agent_key"":""market_research""}";2026-07-30 15:44:20.285915+00
cbb77847-cf13-4061-939f-c5e5adbb4422;651ce83c-c112-48b0-adb1-f273a478b269;agent;Market Research completed;Market Research agent successfully completed.;/discovery/da9ca09d-4e86-4fa6-946d-42cabd474e55;false;2026-07-30 15:44:35.966903+00;da9ca09d-4e86-4fa6-946d-42cabd474e55;success;Market Research;agent.completed;discovery;da9ca09d-4e86-4fa6-946d-42cabd474e55;Resume Optimizer Pro;"{""agent_key"":""market_research""}";2026-07-30 15:44:35.966903+00
ab45f023-4641-4239-bff7-d5ee0bd5e3f0;651ce83c-c112-48b0-adb1-f273a478b269;agent;Competitor Analysis completed;Competitor Analysis agent successfully completed.;/discovery/da9ca09d-4e86-4fa6-946d-42cabd474e55;false;2026-07-30 15:44:36.128673+00;da9ca09d-4e86-4fa6-946d-42cabd474e55;success;Competitor Analysis;agent.completed;discovery;da9ca09d-4e86-4fa6-946d-42cabd474e55;Resume Optimizer Pro;"{""agent_key"":""competitor""}";2026-07-30 15:44:36.128673+00
0bc5415d-cbab-42d0-8165-85f2bece17a1;651ce83c-c112-48b0-adb1-f273a478b269;agent;Gap Analysis completed;Gap Analysis agent successfully completed.;/discovery/da9ca09d-4e86-4fa6-946d-42cabd474e55;false;2026-07-30 15:44:36.282401+00;da9ca09d-4e86-4fa6-946d-42cabd474e55;success;Gap Analysis;agent.completed;discovery;da9ca09d-4e86-4fa6-946d-42cabd474e55;Resume Optimizer Pro;"{""agent_key"":""gap""}";2026-07-30 15:44:36.282401+00
52491a68-fd34-42be-9c46-0c1369049890;651ce83c-c112-48b0-adb1-f273a478b269;agent;Feasibility Analysis completed;Feasibility Analysis agent successfully completed.;/discovery/da9ca09d-4e86-4fa6-946d-42cabd474e55;false;2026-07-30 15:44:36.470578+00;da9ca09d-4e86-4fa6-946d-42cabd474e55;success;Feasibility Analysis;agent.completed;discovery;da9ca09d-4e86-4fa6-946d-42cabd474e55;Resume Optimizer Pro;"{""agent_key"":""feasibility""}";2026-07-30 15:44:36.470578+00
fbd78698-fd46-406b-a818-a6177c58a628;651ce83c-c112-48b0-adb1-f273a478b269;agent;Recommendation Engine completed;Recommendation Engine agent successfully completed.;/discovery/da9ca09d-4e86-4fa6-946d-42cabd474e55;false;2026-07-30 15:44:36.61602+00;da9ca09d-4e86-4fa6-946d-42cabd474e55;success;Recommendation Engine;agent.completed;discovery;da9ca09d-4e86-4fa6-946d-42cabd474e55;Resume Optimizer Pro;"{""agent_key"":""recommendation""}";2026-07-30 15:44:36.61602+00
cb7ab829-08d5-455f-934d-77b4de7cf36e;651ce83c-c112-48b0-adb1-f273a478b269;analysis;Discovery Galaxy opened;Live agent orchestration started for this analysis.;/discovery/da9ca09d-4e86-4fa6-946d-42cabd474e55;false;2026-07-30 15:52:52.50928+00;da9ca09d-4e86-4fa6-946d-42cabd474e55;info;;galaxy.opened;;;;{};2026-07-30 15:52:52.50928+00
d5bbafe5-9c10-4070-bc77-0886b641fc05;651ce83c-c112-48b0-adb1-f273a478b269;agent;Risk & Challenge started;Risk & Challenge agent began working on your idea.;/discovery/da9ca09d-4e86-4fa6-946d-42cabd474e55;false;2026-07-30 15:52:52.904963+00;da9ca09d-4e86-4fa6-946d-42cabd474e55;info;Risk & Challenge;agent.started;discovery;da9ca09d-4e86-4fa6-946d-42cabd474e55;Resume Optimizer Pro;"{""agent_key"":""risk""}";2026-07-30 15:52:52.904963+00
80fb261b-e552-479b-be89-1236a3a38eb5;651ce83c-c112-48b0-adb1-f273a478b269;agent;Risk & Challenge completed;Risk & Challenge agent successfully completed.;/discovery/da9ca09d-4e86-4fa6-946d-42cabd474e55;false;2026-07-30 15:53:01.307203+00;da9ca09d-4e86-4fa6-946d-42cabd474e55;success;Risk & Challenge;agent.completed;discovery;da9ca09d-4e86-4fa6-946d-42cabd474e55;Resume Optimizer Pro;"{""agent_key"":""risk""}";2026-07-30 15:53:01.307203+00
22b11804-5bb2-4835-b804-3f5e7e607293;651ce83c-c112-48b0-adb1-f273a478b269;analysis;Discovery Galaxy opened;Live agent orchestration started for this analysis.;/discovery/016447ba-13c9-44fd-afbf-1806e9868ac2;false;2026-07-30 15:53:15.252509+00;016447ba-13c9-44fd-afbf-1806e9868ac2;info;;galaxy.opened;;;;{};2026-07-30 15:53:15.252509+00
151de931-6ae1-44f2-be3b-4236828aa09b;651ce83c-c112-48b0-adb1-f273a478b269;agent;Feasibility Analysis started;Feasibility Analysis agent began working on your idea.;/discovery/016447ba-13c9-44fd-afbf-1806e9868ac2;false;2026-07-30 15:53:15.724894+00;016447ba-13c9-44fd-afbf-1806e9868ac2;info;Feasibility Analysis;agent.started;discovery;016447ba-13c9-44fd-afbf-1806e9868ac2;;"{""agent_key"":""feasibility""}";2026-07-30 15:53:15.724894+00
5139ad10-e9ea-4867-9687-6f9b6642f2cb;651ce83c-c112-48b0-adb1-f273a478b269;agent;Market Research started;Market Research agent began working on your idea.;/discovery/016447ba-13c9-44fd-afbf-1806e9868ac2;false;2026-07-30 15:53:15.885535+00;016447ba-13c9-44fd-afbf-1806e9868ac2;info;Market Research;agent.started;discovery;016447ba-13c9-44fd-afbf-1806e9868ac2;;"{""agent_key"":""market_research""}";2026-07-30 15:53:15.885535+00
e3993f56-dc00-4dc5-b1de-92eadab1d19f;651ce83c-c112-48b0-adb1-f273a478b269;agent;Risk & Challenge started;Risk & Challenge agent began working on your idea.;/discovery/016447ba-13c9-44fd-afbf-1806e9868ac2;false;2026-07-30 15:53:16.027471+00;016447ba-13c9-44fd-afbf-1806e9868ac2;info;Risk & Challenge;agent.started;discovery;016447ba-13c9-44fd-afbf-1806e9868ac2;;"{""agent_key"":""risk""}";2026-07-30 15:53:16.027471+00
e9286c38-588b-44ac-a49e-9937bd81eda4;651ce83c-c112-48b0-adb1-f273a478b269;agent;Competitor Analysis started;Competitor Analysis agent began working on your idea.;/discovery/016447ba-13c9-44fd-afbf-1806e9868ac2;false;2026-07-30 15:53:16.180746+00;016447ba-13c9-44fd-afbf-1806e9868ac2;info;Competitor Analysis;agent.started;discovery;016447ba-13c9-44fd-afbf-1806e9868ac2;;"{""agent_key"":""competitor""}";2026-07-30 15:53:16.180746+00
70ca1bdf-bf81-4543-a95b-d19a903720bd;651ce83c-c112-48b0-adb1-f273a478b269;agent;Recommendation Engine started;Recommendation Engine agent began working on your idea.;/discovery/016447ba-13c9-44fd-afbf-1806e9868ac2;false;2026-07-30 15:53:16.33658+00;016447ba-13c9-44fd-afbf-1806e9868ac2;info;Recommendation Engine;agent.started;discovery;016447ba-13c9-44fd-afbf-1806e9868ac2;;"{""agent_key"":""recommendation""}";2026-07-30 15:53:16.33658+00
81d85f90-7db8-49c3-a639-7151a193c571;651ce83c-c112-48b0-adb1-f273a478b269;agent;Gap Analysis started;Gap Analysis agent began working on your idea.;/discovery/016447ba-13c9-44fd-afbf-1806e9868ac2;false;2026-07-30 15:53:16.486049+00;016447ba-13c9-44fd-afbf-1806e9868ac2;info;Gap Analysis;agent.started;discovery;016447ba-13c9-44fd-afbf-1806e9868ac2;;"{""agent_key"":""gap""}";2026-07-30 15:53:16.486049+00
4233958c-01e1-4724-8667-15fb9cf6375a;651ce83c-c112-48b0-adb1-f273a478b269;analysis;New analysis created;new_idea.txt was queued for the discovery agents.;/discovery/7a2efd33-57b3-4ff7-a03b-d8be99e7dfa8;false;2026-07-30 15:55:29.282825+00;7a2efd33-57b3-4ff7-a03b-d8be99e7dfa8;success;;analysis.created;discovery;7a2efd33-57b3-4ff7-a03b-d8be99e7dfa8;new_idea.txt;"{""industry"":null,""input_type"":""document""}";2026-07-30 15:55:29.282825+00
0eb72ed5-99a5-4dd5-aafd-d64b43157e33;651ce83c-c112-48b0-adb1-f273a478b269;api;Analysis queued with the AI pipeline;Market Research workflow was triggered successfully.;/discovery/7a2efd33-57b3-4ff7-a03b-d8be99e7dfa8;false;2026-07-30 15:55:34.23952+00;7a2efd33-57b3-4ff7-a03b-d8be99e7dfa8;info;;webhook.triggered;;;new_idea.txt;{};2026-07-30 15:55:34.23952+00
39216bd5-e5a4-453e-a3cb-f05701279c12;651ce83c-c112-48b0-adb1-f273a478b269;analysis;Discovery Galaxy opened;Live agent orchestration started for this analysis.;/discovery/7a2efd33-57b3-4ff7-a03b-d8be99e7dfa8;false;2026-07-30 15:55:34.726335+00;7a2efd33-57b3-4ff7-a03b-d8be99e7dfa8;info;;galaxy.opened;;;;{};2026-07-30 15:55:34.726335+00
e1d79c10-9789-40ed-95b2-c10027ddf80f;651ce83c-c112-48b0-adb1-f273a478b269;agent;Gap Analysis started;Gap Analysis agent began working on your idea.;/discovery/7a2efd33-57b3-4ff7-a03b-d8be99e7dfa8;false;2026-07-30 15:55:35.195569+00;7a2efd33-57b3-4ff7-a03b-d8be99e7dfa8;info;Gap Analysis;agent.started;discovery;7a2efd33-57b3-4ff7-a03b-d8be99e7dfa8;Idea Analyzer Pro;"{""agent_key"":""gap""}";2026-07-30 15:55:35.195569+00
6a666cb9-ab2c-4737-8ed1-e711216ac232;651ce83c-c112-48b0-adb1-f273a478b269;agent;Market Research started;Market Research agent began working on your idea.;/discovery/7a2efd33-57b3-4ff7-a03b-d8be99e7dfa8;false;2026-07-30 15:55:35.354674+00;7a2efd33-57b3-4ff7-a03b-d8be99e7dfa8;info;Market Research;agent.started;discovery;7a2efd33-57b3-4ff7-a03b-d8be99e7dfa8;Idea Analyzer Pro;"{""agent_key"":""market_research""}";2026-07-30 15:55:35.354674+00
85aca4a4-7305-4c6d-bfcb-d590a8f5f3ec;651ce83c-c112-48b0-adb1-f273a478b269;agent;Feasibility Analysis started;Feasibility Analysis agent began working on your idea.;/discovery/7a2efd33-57b3-4ff7-a03b-d8be99e7dfa8;false;2026-07-30 15:55:35.508421+00;7a2efd33-57b3-4ff7-a03b-d8be99e7dfa8;info;Feasibility Analysis;agent.started;discovery;7a2efd33-57b3-4ff7-a03b-d8be99e7dfa8;Idea Analyzer Pro;"{""agent_key"":""feasibility""}";2026-07-30 15:55:35.508421+00
2663ab0f-265c-45bc-a450-2c67a79e762e;651ce83c-c112-48b0-adb1-f273a478b269;agent;Recommendation Engine started;Recommendation Engine agent began working on your idea.;/discovery/7a2efd33-57b3-4ff7-a03b-d8be99e7dfa8;false;2026-07-30 15:55:35.673224+00;7a2efd33-57b3-4ff7-a03b-d8be99e7dfa8;info;Recommendation Engine;agent.started;discovery;7a2efd33-57b3-4ff7-a03b-d8be99e7dfa8;Idea Analyzer Pro;"{""agent_key"":""recommendation""}";2026-07-30 15:55:35.673224+00
f58c06a3-4335-452a-9663-557b79df503c;651ce83c-c112-48b0-adb1-f273a478b269;agent;Risk & Challenge started;Risk & Challenge agent began working on your idea.;/discovery/7a2efd33-57b3-4ff7-a03b-d8be99e7dfa8;false;2026-07-30 15:55:35.834877+00;7a2efd33-57b3-4ff7-a03b-d8be99e7dfa8;info;Risk & Challenge;agent.started;discovery;7a2efd33-57b3-4ff7-a03b-d8be99e7dfa8;Idea Analyzer Pro;"{""agent_key"":""risk""}";2026-07-30 15:55:35.834877+00
3e5d3bc9-e6a2-4d3b-bf46-0fc81b938c24;651ce83c-c112-48b0-adb1-f273a478b269;agent;Competitor Analysis started;Competitor Analysis agent began working on your idea.;/discovery/7a2efd33-57b3-4ff7-a03b-d8be99e7dfa8;false;2026-07-30 15:55:35.980652+00;7a2efd33-57b3-4ff7-a03b-d8be99e7dfa8;info;Competitor Analysis;agent.started;discovery;7a2efd33-57b3-4ff7-a03b-d8be99e7dfa8;Idea Analyzer Pro;"{""agent_key"":""competitor""}";2026-07-30 15:55:35.980652+00
6a34f59a-585c-404b-9aeb-a174852787de;651ce83c-c112-48b0-adb1-f273a478b269;agent;Risk & Challenge completed;Risk & Challenge agent successfully completed.;/discovery/7a2efd33-57b3-4ff7-a03b-d8be99e7dfa8;false;2026-07-30 15:55:42.478682+00;7a2efd33-57b3-4ff7-a03b-d8be99e7dfa8;success;Risk & Challenge;agent.completed;discovery;7a2efd33-57b3-4ff7-a03b-d8be99e7dfa8;Idea Analyzer Pro;"{""agent_key"":""risk""}";2026-07-30 15:55:42.478682+00
758a84cb-ab77-43ad-98b4-feb1ebb281a2;651ce83c-c112-48b0-adb1-f273a478b269;agent;Feasibility Analysis completed;Feasibility Analysis agent successfully completed.;/discovery/7a2efd33-57b3-4ff7-a03b-d8be99e7dfa8;false;2026-07-30 15:55:42.646805+00;7a2efd33-57b3-4ff7-a03b-d8be99e7dfa8;success;Feasibility Analysis;agent.completed;discovery;7a2efd33-57b3-4ff7-a03b-d8be99e7dfa8;Idea Analyzer Pro;"{""agent_key"":""feasibility""}";2026-07-30 15:55:42.646805+00
63871da2-2699-448b-8b55-0cb549f6c9f2;651ce83c-c112-48b0-adb1-f273a478b269;agent;Gap Analysis completed;Gap Analysis agent successfully completed.;/discovery/7a2efd33-57b3-4ff7-a03b-d8be99e7dfa8;false;2026-07-30 15:55:42.818184+00;7a2efd33-57b3-4ff7-a03b-d8be99e7dfa8;success;Gap Analysis;agent.completed;discovery;7a2efd33-57b3-4ff7-a03b-d8be99e7dfa8;Idea Analyzer Pro;"{""agent_key"":""gap""}";2026-07-30 15:55:42.818184+00
09721eed-6c42-4e67-b8c0-442f19d84389;651ce83c-c112-48b0-adb1-f273a478b269;agent;Market Research completed;Market Research agent successfully completed.;/discovery/7a2efd33-57b3-4ff7-a03b-d8be99e7dfa8;false;2026-07-30 15:55:42.989455+00;7a2efd33-57b3-4ff7-a03b-d8be99e7dfa8;success;Market Research;agent.completed;discovery;7a2efd33-57b3-4ff7-a03b-d8be99e7dfa8;Idea Analyzer Pro;"{""agent_key"":""market_research""}";2026-07-30 15:55:42.989455+00
74ac30b2-baf7-437a-895b-2d13d4e3d2ff;651ce83c-c112-48b0-adb1-f273a478b269;agent;Recommendation Engine completed;Recommendation Engine agent successfully completed.;/discovery/7a2efd33-57b3-4ff7-a03b-d8be99e7dfa8;false;2026-07-30 15:55:43.307546+00;7a2efd33-57b3-4ff7-a03b-d8be99e7dfa8;success;Recommendation Engine;agent.completed;discovery;7a2efd33-57b3-4ff7-a03b-d8be99e7dfa8;Idea Analyzer Pro;"{""agent_key"":""recommendation""}";2026-07-30 15:55:43.307546+00
607e5b35-7ef0-46ff-ba0a-33333f8f71f9;651ce83c-c112-48b0-adb1-f273a478b269;agent;Competitor Analysis completed;Competitor Analysis agent successfully completed.;/discovery/7a2efd33-57b3-4ff7-a03b-d8be99e7dfa8;false;2026-07-30 15:55:44.895086+00;7a2efd33-57b3-4ff7-a03b-d8be99e7dfa8;success;Competitor Analysis;agent.completed;discovery;7a2efd33-57b3-4ff7-a03b-d8be99e7dfa8;Idea Analyzer Pro;"{""agent_key"":""competitor""}";2026-07-30 15:55:44.895086+00
4ca050fd-aa3f-4233-8397-10c249e2121e;651ce83c-c112-48b0-adb1-f273a478b269;download;Report downloaded;The discovery report for Idea Analyzer Pro was downloaded.;/discovery/7a2efd33-57b3-4ff7-a03b-d8be99e7dfa8;false;2026-07-30 15:56:27.515322+00;7a2efd33-57b3-4ff7-a03b-d8be99e7dfa8;success;;report.downloaded;report;7a2efd33-57b3-4ff7-a03b-d8be99e7dfa8;Idea Analyzer Pro;{};2026-07-30 15:56:27.515322+00
86378212-72d0-440f-ac94-8427e4de082e;651ce83c-c112-48b0-adb1-f273a478b269;download;Recommendation Engine report downloaded;The Recommendation Engine report for Idea Analyzer Pro was downloaded.;/discovery/7a2efd33-57b3-4ff7-a03b-d8be99e7dfa8;false;2026-07-30 15:57:05.359348+00;7a2efd33-57b3-4ff7-a03b-d8be99e7dfa8;success;;report.downloaded;report;7a2efd33-57b3-4ff7-a03b-d8be99e7dfa8;Idea Analyzer Pro;{};2026-07-30 15:57:05.359348+00
b8454b38-657b-42c0-99c4-43d1fd610f70;651ce83c-c112-48b0-adb1-f273a478b269;analysis;Discovery Galaxy opened;Live agent orchestration started for this analysis.;/discovery/7a2efd33-57b3-4ff7-a03b-d8be99e7dfa8;false;2026-07-30 16:42:19.617115+00;7a2efd33-57b3-4ff7-a03b-d8be99e7dfa8;info;;galaxy.opened;;;;{};2026-07-30 16:42:19.617115+00
e6a00c67-6c8a-4d74-835f-5b5ba4165347;651ce83c-c112-48b0-adb1-f273a478b269;analysis;Discovery Galaxy opened;Live agent orchestration started for this analysis.;/discovery/2ccde316-94fe-405f-afdb-32a4756d81e5;false;2026-07-30 16:48:58.425013+00;2ccde316-94fe-405f-afdb-32a4756d81e5;info;;galaxy.opened;;;;{};2026-07-30 16:48:58.425013+00
ffd18f0e-b5ad-43a8-a027-2e49461aed6e;651ce83c-c112-48b0-adb1-f273a478b269;agent;Market Research started;Market Research agent began working on your idea.;/discovery/2ccde316-94fe-405f-afdb-32a4756d81e5;false;2026-07-30 16:48:58.878339+00;2ccde316-94fe-405f-afdb-32a4756d81e5;info;Market Research;agent.started;discovery;2ccde316-94fe-405f-afdb-32a4756d81e5;;"{""agent_key"":""market_research""}";2026-07-30 16:48:58.878339+00
d9b25fb7-0913-4036-9f9d-ed4eb4b3d8f3;651ce83c-c112-48b0-adb1-f273a478b269;agent;Gap Analysis started;Gap Analysis agent began working on your idea.;/discovery/2ccde316-94fe-405f-afdb-32a4756d81e5;false;2026-07-30 16:48:59.033823+00;2ccde316-94fe-405f-afdb-32a4756d81e5;info;Gap Analysis;agent.started;discovery;2ccde316-94fe-405f-afdb-32a4756d81e5;;"{""agent_key"":""gap""}";2026-07-30 16:48:59.033823+00
d03e5ef1-4b16-4b37-a6f5-0927d3a4369e;651ce83c-c112-48b0-adb1-f273a478b269;agent;Competitor Analysis started;Competitor Analysis agent began working on your idea.;/discovery/2ccde316-94fe-405f-afdb-32a4756d81e5;false;2026-07-30 16:48:59.181031+00;2ccde316-94fe-405f-afdb-32a4756d81e5;info;Competitor Analysis;agent.started;discovery;2ccde316-94fe-405f-afdb-32a4756d81e5;;"{""agent_key"":""competitor""}";2026-07-30 16:48:59.181031+00
a5cdd85c-cdec-43c9-a355-4dcb95ac629c;651ce83c-c112-48b0-adb1-f273a478b269;agent;Recommendation Engine started;Recommendation Engine agent began working on your idea.;/discovery/2ccde316-94fe-405f-afdb-32a4756d81e5;false;2026-07-30 16:48:59.330385+00;2ccde316-94fe-405f-afdb-32a4756d81e5;info;Recommendation Engine;agent.started;discovery;2ccde316-94fe-405f-afdb-32a4756d81e5;;"{""agent_key"":""recommendation""}";2026-07-30 16:48:59.330385+00
60f77381-fdbf-4216-a934-c26e50276e40;651ce83c-c112-48b0-adb1-f273a478b269;agent;Risk & Challenge started;Risk & Challenge agent began working on your idea.;/discovery/2ccde316-94fe-405f-afdb-32a4756d81e5;false;2026-07-30 16:48:59.474549+00;2ccde316-94fe-405f-afdb-32a4756d81e5;info;Risk & Challenge;agent.started;discovery;2ccde316-94fe-405f-afdb-32a4756d81e5;;"{""agent_key"":""risk""}";2026-07-30 16:48:59.474549+00
afd6391f-a028-4a8b-86a5-ca217840473c;651ce83c-c112-48b0-adb1-f273a478b269;agent;Feasibility Analysis started;Feasibility Analysis agent began working on your idea.;/discovery/2ccde316-94fe-405f-afdb-32a4756d81e5;false;2026-07-30 16:48:59.625546+00;2ccde316-94fe-405f-afdb-32a4756d81e5;info;Feasibility Analysis;agent.started;discovery;2ccde316-94fe-405f-afdb-32a4756d81e5;;"{""agent_key"":""feasibility""}";2026-07-30 16:48:59.625546+00
cda9e7b7-3c55-4164-9381-a6c725e0ce68;651ce83c-c112-48b0-adb1-f273a478b269;analysis;Discovery Galaxy opened;Live agent orchestration started for this analysis.;/discovery/6b91e92b-427f-41c9-89af-1de1baa28990;false;2026-07-30 16:53:05.447673+00;6b91e92b-427f-41c9-89af-1de1baa28990;info;;galaxy.opened;;;;{};2026-07-30 16:53:05.447673+00
8a12bb0c-9878-4187-a1c8-acb95b4c7b7b;651ce83c-c112-48b0-adb1-f273a478b269;agent;Market Research started;Market Research agent began working on your idea.;/discovery/6b91e92b-427f-41c9-89af-1de1baa28990;false;2026-07-30 16:53:05.939778+00;6b91e92b-427f-41c9-89af-1de1baa28990;info;Market Research;agent.started;discovery;6b91e92b-427f-41c9-89af-1de1baa28990;;"{""agent_key"":""market_research""}";2026-07-30 16:53:05.939778+00
b8d87dbc-f0ab-47c8-a581-8912547a8c83;651ce83c-c112-48b0-adb1-f273a478b269;agent;Risk & Challenge started;Risk & Challenge agent began working on your idea.;/discovery/6b91e92b-427f-41c9-89af-1de1baa28990;false;2026-07-30 16:53:06.110741+00;6b91e92b-427f-41c9-89af-1de1baa28990;info;Risk & Challenge;agent.started;discovery;6b91e92b-427f-41c9-89af-1de1baa28990;;"{""agent_key"":""risk""}";2026-07-30 16:53:06.110741+00
fa0ae582-2b76-4a15-9069-f77b2b011952;651ce83c-c112-48b0-adb1-f273a478b269;agent;Feasibility Analysis started;Feasibility Analysis agent began working on your idea.;/discovery/6b91e92b-427f-41c9-89af-1de1baa28990;false;2026-07-30 16:53:06.26457+00;6b91e92b-427f-41c9-89af-1de1baa28990;info;Feasibility Analysis;agent.started;discovery;6b91e92b-427f-41c9-89af-1de1baa28990;;"{""agent_key"":""feasibility""}";2026-07-30 16:53:06.26457+00
e0fe4cfb-4a4e-4172-a429-710a60570672;651ce83c-c112-48b0-adb1-f273a478b269;agent;Competitor Analysis started;Competitor Analysis agent began working on your idea.;/discovery/6b91e92b-427f-41c9-89af-1de1baa28990;false;2026-07-30 16:53:06.412464+00;6b91e92b-427f-41c9-89af-1de1baa28990;info;Competitor Analysis;agent.started;discovery;6b91e92b-427f-41c9-89af-1de1baa28990;;"{""agent_key"":""competitor""}";2026-07-30 16:53:06.412464+00
4a0116ee-05f4-47b2-9bb5-ac5fd229410e;651ce83c-c112-48b0-adb1-f273a478b269;agent;Recommendation Engine started;Recommendation Engine agent began working on your idea.;/discovery/6b91e92b-427f-41c9-89af-1de1baa28990;false;2026-07-30 16:53:06.567649+00;6b91e92b-427f-41c9-89af-1de1baa28990;info;Recommendation Engine;agent.started;discovery;6b91e92b-427f-41c9-89af-1de1baa28990;;"{""agent_key"":""recommendation""}";2026-07-30 16:53:06.567649+00
76c04535-b6b7-46cd-9393-177908788bfb;651ce83c-c112-48b0-adb1-f273a478b269;agent;Gap Analysis started;Gap Analysis agent began working on your idea.;/discovery/6b91e92b-427f-41c9-89af-1de1baa28990;false;2026-07-30 16:53:06.717088+00;6b91e92b-427f-41c9-89af-1de1baa28990;info;Gap Analysis;agent.started;discovery;6b91e92b-427f-41c9-89af-1de1baa28990;;"{""agent_key"":""gap""}";2026-07-30 16:53:06.717088+00
25b36f17-60bb-4f12-82af-572806560caa;651ce83c-c112-48b0-adb1-f273a478b269;agent;Recommendation Engine completed;Recommendation Engine agent successfully completed.;/discovery/6b91e92b-427f-41c9-89af-1de1baa28990;false;2026-07-30 16:53:11.419309+00;6b91e92b-427f-41c9-89af-1de1baa28990;success;Recommendation Engine;agent.completed;discovery;6b91e92b-427f-41c9-89af-1de1baa28990;;"{""agent_key"":""recommendation""}";2026-07-30 16:53:11.419309+00
8a0939ab-8ced-4b4f-9d35-e8457033b518;651ce83c-c112-48b0-adb1-f273a478b269;analysis;Discovery Galaxy opened;Live agent orchestration started for this analysis.;/discovery/6b91e92b-427f-41c9-89af-1de1baa28990;false;2026-07-30 16:57:22.185796+00;6b91e92b-427f-41c9-89af-1de1baa28990;info;;galaxy.opened;;;;{};2026-07-30 16:57:22.185796+00
8fd2251d-37c4-4498-8362-457f896b6084;651ce83c-c112-48b0-adb1-f273a478b269;agent;Risk & Challenge started;Risk & Challenge agent began working on your idea.;/discovery/6b91e92b-427f-41c9-89af-1de1baa28990;false;2026-07-30 16:57:22.677122+00;6b91e92b-427f-41c9-89af-1de1baa28990;info;Risk & Challenge;agent.started;discovery;6b91e92b-427f-41c9-89af-1de1baa28990;Resume Optimizer;"{""agent_key"":""risk""}";2026-07-30 16:57:22.677122+00
b9850d72-0ff8-480c-b987-0b32e13fc883;651ce83c-c112-48b0-adb1-f273a478b269;agent;Gap Analysis started;Gap Analysis agent began working on your idea.;/discovery/6b91e92b-427f-41c9-89af-1de1baa28990;false;2026-07-30 16:57:22.760778+00;6b91e92b-427f-41c9-89af-1de1baa28990;info;Gap Analysis;agent.started;discovery;6b91e92b-427f-41c9-89af-1de1baa28990;Resume Optimizer;"{""agent_key"":""gap""}";2026-07-30 16:57:22.760778+00
7e7e06f1-37b3-4134-ad91-f1b46398197a;651ce83c-c112-48b0-adb1-f273a478b269;agent;Feasibility Analysis started;Feasibility Analysis agent began working on your idea.;/discovery/6b91e92b-427f-41c9-89af-1de1baa28990;false;2026-07-30 16:57:22.907991+00;6b91e92b-427f-41c9-89af-1de1baa28990;info;Feasibility Analysis;agent.started;discovery;6b91e92b-427f-41c9-89af-1de1baa28990;Resume Optimizer;"{""agent_key"":""feasibility""}";2026-07-30 16:57:22.907991+00
5cc3da45-b9b1-4859-b1e8-47adc6d9a157;651ce83c-c112-48b0-adb1-f273a478b269;agent;Market Research started;Market Research agent began working on your idea.;/discovery/6b91e92b-427f-41c9-89af-1de1baa28990;false;2026-07-30 16:57:23.051176+00;6b91e92b-427f-41c9-89af-1de1baa28990;info;Market Research;agent.started;discovery;6b91e92b-427f-41c9-89af-1de1baa28990;Resume Optimizer;"{""agent_key"":""market_research""}";2026-07-30 16:57:23.051176+00
31dab7d6-f038-418f-9fc2-55b0240fe1b3;651ce83c-c112-48b0-adb1-f273a478b269;agent;Competitor Analysis started;Competitor Analysis agent began working on your idea.;/discovery/6b91e92b-427f-41c9-89af-1de1baa28990;false;2026-07-30 16:57:23.201744+00;6b91e92b-427f-41c9-89af-1de1baa28990;info;Competitor Analysis;agent.started;discovery;6b91e92b-427f-41c9-89af-1de1baa28990;Resume Optimizer;"{""agent_key"":""competitor""}";2026-07-30 16:57:23.201744+00
1416ab71-c713-496b-9962-e79bb6349230;651ce83c-c112-48b0-adb1-f273a478b269;agent;Feasibility Analysis completed;Feasibility Analysis agent successfully completed.;/discovery/6b91e92b-427f-41c9-89af-1de1baa28990;false;2026-07-30 16:57:28.036513+00;6b91e92b-427f-41c9-89af-1de1baa28990;success;Feasibility Analysis;agent.completed;discovery;6b91e92b-427f-41c9-89af-1de1baa28990;Resume Optimizer;"{""agent_key"":""feasibility""}";2026-07-30 16:57:28.036513+00
e18b2603-a136-4c24-8ec0-d6e95c5f4c3f;651ce83c-c112-48b0-adb1-f273a478b269;agent;Competitor Analysis completed;Competitor Analysis agent successfully completed.;/discovery/6b91e92b-427f-41c9-89af-1de1baa28990;false;2026-07-30 16:57:32.637604+00;6b91e92b-427f-41c9-89af-1de1baa28990;success;Competitor Analysis;agent.completed;discovery;6b91e92b-427f-41c9-89af-1de1baa28990;Resume Optimizer;"{""agent_key"":""competitor""}";2026-07-30 16:57:32.637604+00
aee0d336-0117-4d71-8b76-081958eb1a0e;651ce83c-c112-48b0-adb1-f273a478b269;agent;Gap Analysis completed;Gap Analysis agent successfully completed.;/discovery/6b91e92b-427f-41c9-89af-1de1baa28990;false;2026-07-30 16:57:31.485438+00;6b91e92b-427f-41c9-89af-1de1baa28990;success;Gap Analysis;agent.completed;discovery;6b91e92b-427f-41c9-89af-1de1baa28990;Resume Optimizer;"{""agent_key"":""gap""}";2026-07-30 16:57:31.485438+00
5c081188-97f8-4dd5-afae-e049e3366d3e;651ce83c-c112-48b0-adb1-f273a478b269;agent;Market Research completed;Market Research agent successfully completed.;/discovery/6b91e92b-427f-41c9-89af-1de1baa28990;false;2026-07-30 16:57:32.486456+00;6b91e92b-427f-41c9-89af-1de1baa28990;success;Market Research;agent.completed;discovery;6b91e92b-427f-41c9-89af-1de1baa28990;Resume Optimizer;"{""agent_key"":""market_research""}";2026-07-30 16:57:32.486456+00
2ec5d5a8-e369-4105-b090-d5b7d415bf39;651ce83c-c112-48b0-adb1-f273a478b269;analysis;Discovery Galaxy opened;Live agent orchestration started for this analysis.;/discovery/6b91e92b-427f-41c9-89af-1de1baa28990;false;2026-07-30 16:58:39.812932+00;6b91e92b-427f-41c9-89af-1de1baa28990;info;;galaxy.opened;;;;{};2026-07-30 16:58:39.812932+00
f9a6032b-8cfb-4147-a72a-908efff93dfb;651ce83c-c112-48b0-adb1-f273a478b269;agent;Risk & Challenge started;Risk & Challenge agent began working on your idea.;/discovery/6b91e92b-427f-41c9-89af-1de1baa28990;false;2026-07-30 16:58:40.268581+00;6b91e92b-427f-41c9-89af-1de1baa28990;info;Risk & Challenge;agent.started;discovery;6b91e92b-427f-41c9-89af-1de1baa28990;Resume Optimizer;"{""agent_key"":""risk""}";2026-07-30 16:58:40.268581+00
f7e54747-9b30-46d5-ac0f-f16d4bcb44d4;651ce83c-c112-48b0-adb1-f273a478b269;agent;Risk & Challenge completed;Risk & Challenge agent successfully completed.;/discovery/6b91e92b-427f-41c9-89af-1de1baa28990;false;2026-07-30 16:58:49.49029+00;6b91e92b-427f-41c9-89af-1de1baa28990;success;Risk & Challenge;agent.completed;discovery;6b91e92b-427f-41c9-89af-1de1baa28990;Resume Optimizer;"{""agent_key"":""risk""}";2026-07-30 16:58:49.49029+00
a94eb0d2-ac6c-4b26-82c5-543e8e0657b7;651ce83c-c112-48b0-adb1-f273a478b269;analysis;Discovery Galaxy opened;Live agent orchestration started for this analysis.;/discovery/714f1bc1-0beb-4687-85d3-733f22721285;false;2026-07-30 16:59:07.833724+00;714f1bc1-0beb-4687-85d3-733f22721285;info;;galaxy.opened;;;;{};2026-07-30 16:59:07.833724+00
e1ea67ce-3382-40ef-8e23-101024f1a848;651ce83c-c112-48b0-adb1-f273a478b269;agent;Risk & Challenge started;Risk & Challenge agent began working on your idea.;/discovery/714f1bc1-0beb-4687-85d3-733f22721285;false;2026-07-30 16:59:08.263787+00;714f1bc1-0beb-4687-85d3-733f22721285;info;Risk & Challenge;agent.started;discovery;714f1bc1-0beb-4687-85d3-733f22721285;;"{""agent_key"":""risk""}";2026-07-30 16:59:08.263787+00
f88c5af8-10e3-4f63-b0e6-03125c997398;651ce83c-c112-48b0-adb1-f273a478b269;agent;Recommendation Engine started;Recommendation Engine agent began working on your idea.;/discovery/714f1bc1-0beb-4687-85d3-733f22721285;false;2026-07-30 16:59:08.410906+00;714f1bc1-0beb-4687-85d3-733f22721285;info;Recommendation Engine;agent.started;discovery;714f1bc1-0beb-4687-85d3-733f22721285;;"{""agent_key"":""recommendation""}";2026-07-30 16:59:08.410906+00
ba02fab5-f774-4d89-b495-8336067c0fe3;651ce83c-c112-48b0-adb1-f273a478b269;agent;Feasibility Analysis started;Feasibility Analysis agent began working on your idea.;/discovery/714f1bc1-0beb-4687-85d3-733f22721285;false;2026-07-30 16:59:08.557794+00;714f1bc1-0beb-4687-85d3-733f22721285;info;Feasibility Analysis;agent.started;discovery;714f1bc1-0beb-4687-85d3-733f22721285;;"{""agent_key"":""feasibility""}";2026-07-30 16:59:08.557794+00
94e49e6f-d025-4d64-aaaa-0d54a6649613;651ce83c-c112-48b0-adb1-f273a478b269;agent;Competitor Analysis started;Competitor Analysis agent began working on your idea.;/discovery/714f1bc1-0beb-4687-85d3-733f22721285;false;2026-07-30 16:59:08.698103+00;714f1bc1-0beb-4687-85d3-733f22721285;info;Competitor Analysis;agent.started;discovery;714f1bc1-0beb-4687-85d3-733f22721285;;"{""agent_key"":""competitor""}";2026-07-30 16:59:08.698103+00
f3ee8d81-0dfc-4a39-ba83-1282e4856ca0;651ce83c-c112-48b0-adb1-f273a478b269;agent;Gap Analysis started;Gap Analysis agent began working on your idea.;/discovery/714f1bc1-0beb-4687-85d3-733f22721285;false;2026-07-30 16:59:08.847095+00;714f1bc1-0beb-4687-85d3-733f22721285;info;Gap Analysis;agent.started;discovery;714f1bc1-0beb-4687-85d3-733f22721285;;"{""agent_key"":""gap""}";2026-07-30 16:59:08.847095+00
360b87b7-74ad-4f54-bb97-b1299537f75b;651ce83c-c112-48b0-adb1-f273a478b269;agent;Market Research started;Market Research agent began working on your idea.;/discovery/714f1bc1-0beb-4687-85d3-733f22721285;false;2026-07-30 16:59:08.991119+00;714f1bc1-0beb-4687-85d3-733f22721285;info;Market Research;agent.started;discovery;714f1bc1-0beb-4687-85d3-733f22721285;;"{""agent_key"":""market_research""}";2026-07-30 16:59:08.991119+00
c21fbe06-f9d0-4297-af48-72517270388e;651ce83c-c112-48b0-adb1-f273a478b269;analysis;Discovery Galaxy opened;Live agent orchestration started for this analysis.;/discovery/eb313413-c618-426a-aaa5-d956fabb7e3c;false;2026-07-30 17:03:05.498001+00;eb313413-c618-426a-aaa5-d956fabb7e3c;info;;galaxy.opened;;;;{};2026-07-30 17:03:05.498001+00
226c7bea-46b5-4eba-8d36-2073cd3e7722;651ce83c-c112-48b0-adb1-f273a478b269;agent;Competitor Analysis started;Competitor Analysis agent began working on your idea.;/discovery/eb313413-c618-426a-aaa5-d956fabb7e3c;false;2026-07-30 17:03:05.943682+00;eb313413-c618-426a-aaa5-d956fabb7e3c;info;Competitor Analysis;agent.started;discovery;eb313413-c618-426a-aaa5-d956fabb7e3c;;"{""agent_key"":""competitor""}";2026-07-30 17:03:05.943682+00
91cf0904-aa0a-40d6-b8e1-e6cc116edde7;651ce83c-c112-48b0-adb1-f273a478b269;agent;Recommendation Engine started;Recommendation Engine agent began working on your idea.;/discovery/eb313413-c618-426a-aaa5-d956fabb7e3c;false;2026-07-30 17:03:06.093104+00;eb313413-c618-426a-aaa5-d956fabb7e3c;info;Recommendation Engine;agent.started;discovery;eb313413-c618-426a-aaa5-d956fabb7e3c;;"{""agent_key"":""recommendation""}";2026-07-30 17:03:06.093104+00
9e40158e-a3c6-4ebb-b6db-454aa404353b;651ce83c-c112-48b0-adb1-f273a478b269;agent;Feasibility Analysis started;Feasibility Analysis agent began working on your idea.;/discovery/eb313413-c618-426a-aaa5-d956fabb7e3c;false;2026-07-30 17:03:06.251176+00;eb313413-c618-426a-aaa5-d956fabb7e3c;info;Feasibility Analysis;agent.started;discovery;eb313413-c618-426a-aaa5-d956fabb7e3c;;"{""agent_key"":""feasibility""}";2026-07-30 17:03:06.251176+00
a093f55b-b0ca-49a8-aab4-593dad75b6b2;651ce83c-c112-48b0-adb1-f273a478b269;agent;Risk & Challenge started;Risk & Challenge agent began working on your idea.;/discovery/eb313413-c618-426a-aaa5-d956fabb7e3c;false;2026-07-30 17:03:06.393693+00;eb313413-c618-426a-aaa5-d956fabb7e3c;info;Risk & Challenge;agent.started;discovery;eb313413-c618-426a-aaa5-d956fabb7e3c;;"{""agent_key"":""risk""}";2026-07-30 17:03:06.393693+00
4d79cd8a-5766-46b6-b556-b6d0a01abaa0;651ce83c-c112-48b0-adb1-f273a478b269;agent;Gap Analysis started;Gap Analysis agent began working on your idea.;/discovery/eb313413-c618-426a-aaa5-d956fabb7e3c;false;2026-07-30 17:03:06.535131+00;eb313413-c618-426a-aaa5-d956fabb7e3c;info;Gap Analysis;agent.started;discovery;eb313413-c618-426a-aaa5-d956fabb7e3c;;"{""agent_key"":""gap""}";2026-07-30 17:03:06.535131+00
05cbe1ea-61b9-4577-a57d-802ec170908e;651ce83c-c112-48b0-adb1-f273a478b269;agent;Market Research started;Market Research agent began working on your idea.;/discovery/eb313413-c618-426a-aaa5-d956fabb7e3c;false;2026-07-30 17:03:06.681283+00;eb313413-c618-426a-aaa5-d956fabb7e3c;info;Market Research;agent.started;discovery;eb313413-c618-426a-aaa5-d956fabb7e3c;;"{""agent_key"":""market_research""}";2026-07-30 17:03:06.681283+00
f882b619-fe6a-4a86-8cff-5949faab0cb4;651ce83c-c112-48b0-adb1-f273a478b269;analysis;Discovery Galaxy opened;Live agent orchestration started for this analysis.;/discovery/6b91e92b-427f-41c9-89af-1de1baa28990;false;2026-07-30 17:40:20.981782+00;6b91e92b-427f-41c9-89af-1de1baa28990;info;;galaxy.opened;;;;{};2026-07-30 17:40:20.981782+00
247b55c0-68eb-4cd0-a34e-aa76afa438b7;651ce83c-c112-48b0-adb1-f273a478b269;analysis;Discovery Galaxy opened;Live agent orchestration started for this analysis.;/discovery/7a2efd33-57b3-4ff7-a03b-d8be99e7dfa8;false;2026-07-30 17:40:48.217687+00;7a2efd33-57b3-4ff7-a03b-d8be99e7dfa8;info;;galaxy.opened;;;;{};2026-07-30 17:40:48.217687+00
9a4482f7-0801-4a27-bb7b-e7fc3fca0ccf;651ce83c-c112-48b0-adb1-f273a478b269;agent;Market Research completed;Market Research agent successfully completed.;/discovery/7a2efd33-57b3-4ff7-a03b-d8be99e7dfa8;false;2026-07-30 17:40:48.693289+00;7a2efd33-57b3-4ff7-a03b-d8be99e7dfa8;success;Market Research;agent.completed;discovery;7a2efd33-57b3-4ff7-a03b-d8be99e7dfa8;Idea Analyzer Pro;"{""agent_key"":""market_research""}";2026-07-30 17:40:48.693289+00
185db20c-8602-47df-a22a-bd14f5633668;651ce83c-c112-48b0-adb1-f273a478b269;agent;Competitor Analysis completed;Competitor Analysis agent successfully completed.;/discovery/7a2efd33-57b3-4ff7-a03b-d8be99e7dfa8;false;2026-07-30 17:40:48.855865+00;7a2efd33-57b3-4ff7-a03b-d8be99e7dfa8;success;Competitor Analysis;agent.completed;discovery;7a2efd33-57b3-4ff7-a03b-d8be99e7dfa8;Idea Analyzer Pro;"{""agent_key"":""competitor""}";2026-07-30 17:40:48.855865+00
3a384780-849b-41bc-ac95-3e41fa6536be;651ce83c-c112-48b0-adb1-f273a478b269;agent;Gap Analysis completed;Gap Analysis agent successfully completed.;/discovery/7a2efd33-57b3-4ff7-a03b-d8be99e7dfa8;false;2026-07-30 17:40:49.008098+00;7a2efd33-57b3-4ff7-a03b-d8be99e7dfa8;success;Gap Analysis;agent.completed;discovery;7a2efd33-57b3-4ff7-a03b-d8be99e7dfa8;Idea Analyzer Pro;"{""agent_key"":""gap""}";2026-07-30 17:40:49.008098+00
089ba5ca-16cf-4a24-b0a1-dede493e2f69;651ce83c-c112-48b0-adb1-f273a478b269;agent;Feasibility Analysis completed;Feasibility Analysis agent successfully completed.;/discovery/7a2efd33-57b3-4ff7-a03b-d8be99e7dfa8;false;2026-07-30 17:40:49.157065+00;7a2efd33-57b3-4ff7-a03b-d8be99e7dfa8;success;Feasibility Analysis;agent.completed;discovery;7a2efd33-57b3-4ff7-a03b-d8be99e7dfa8;Idea Analyzer Pro;"{""agent_key"":""feasibility""}";2026-07-30 17:40:49.157065+00
28d79b37-38c3-44b7-9906-b0e1ba2d636c;651ce83c-c112-48b0-adb1-f273a478b269;agent;Recommendation Engine completed;Recommendation Engine agent successfully completed.;/discovery/7a2efd33-57b3-4ff7-a03b-d8be99e7dfa8;false;2026-07-30 17:40:49.305992+00;7a2efd33-57b3-4ff7-a03b-d8be99e7dfa8;success;Recommendation Engine;agent.completed;discovery;7a2efd33-57b3-4ff7-a03b-d8be99e7dfa8;Idea Analyzer Pro;"{""agent_key"":""recommendation""}";2026-07-30 17:40:49.305992+00
0257ad38-831c-497d-8085-e1e1ed65a15f;651ce83c-c112-48b0-adb1-f273a478b269;agent;Risk & Challenge completed;Risk & Challenge agent successfully completed.;/discovery/7a2efd33-57b3-4ff7-a03b-d8be99e7dfa8;false;2026-07-30 17:40:49.448075+00;7a2efd33-57b3-4ff7-a03b-d8be99e7dfa8;success;Risk & Challenge;agent.completed;discovery;7a2efd33-57b3-4ff7-a03b-d8be99e7dfa8;Idea Analyzer Pro;"{""agent_key"":""risk""}";2026-07-30 17:40:49.448075+00
2ccc27f5-fec3-4bf0-9e00-7722edb88479;651ce83c-c112-48b0-adb1-f273a478b269;analysis;New analysis created;One app that plans your day, reminds you to eat, move, rest, and prioritise task was queued for the discovery agents.;/discovery/de386ec1-c066-433c-b882-036de29dbfcd;false;2026-07-30 17:41:45.200634+00;de386ec1-c066-433c-b882-036de29dbfcd;success;;analysis.created;discovery;de386ec1-c066-433c-b882-036de29dbfcd;One app that plans your day, reminds you to eat, move, rest, and prioritise task;"{""industry"":null,""input_type"":""text""}";2026-07-30 17:41:45.200634+00
b7d8c98b-d202-45b4-b750-406ac824cb23;651ce83c-c112-48b0-adb1-f273a478b269;api;Analysis queued with the AI pipeline;Market Research workflow was triggered successfully.;/discovery/de386ec1-c066-433c-b882-036de29dbfcd;false;2026-07-30 17:41:51.899981+00;de386ec1-c066-433c-b882-036de29dbfcd;info;;webhook.triggered;;;One app that plans your day, reminds you to eat, move, rest, and prioritise task;{};2026-07-30 17:41:51.899981+00
e2a96e23-4082-4686-b81b-7a6226624702;651ce83c-c112-48b0-adb1-f273a478b269;analysis;Discovery Galaxy opened;Live agent orchestration started for this analysis.;/discovery/de386ec1-c066-433c-b882-036de29dbfcd;false;2026-07-30 17:41:52.348704+00;de386ec1-c066-433c-b882-036de29dbfcd;info;;galaxy.opened;;;;{};2026-07-30 17:41:52.348704+00
01a83d08-b865-4564-baf5-f5f91949d453;651ce83c-c112-48b0-adb1-f273a478b269;agent;Competitor Analysis started;Competitor Analysis agent began working on your idea.;/discovery/de386ec1-c066-433c-b882-036de29dbfcd;false;2026-07-30 17:41:52.786226+00;de386ec1-c066-433c-b882-036de29dbfcd;info;Competitor Analysis;agent.started;discovery;de386ec1-c066-433c-b882-036de29dbfcd;EnergyTask;"{""agent_key"":""competitor""}";2026-07-30 17:41:52.786226+00
90e7e449-abef-4bd9-b218-5e547694e00a;651ce83c-c112-48b0-adb1-f273a478b269;agent;Gap Analysis started;Gap Analysis agent began working on your idea.;/discovery/de386ec1-c066-433c-b882-036de29dbfcd;false;2026-07-30 17:41:52.949933+00;de386ec1-c066-433c-b882-036de29dbfcd;info;Gap Analysis;agent.started;discovery;de386ec1-c066-433c-b882-036de29dbfcd;EnergyTask;"{""agent_key"":""gap""}";2026-07-30 17:41:52.949933+00
017e642f-2a10-4cf1-b5bc-a6d876dbc5b5;651ce83c-c112-48b0-adb1-f273a478b269;agent;Risk & Challenge started;Risk & Challenge agent began working on your idea.;/discovery/de386ec1-c066-433c-b882-036de29dbfcd;false;2026-07-30 17:41:53.089763+00;de386ec1-c066-433c-b882-036de29dbfcd;info;Risk & Challenge;agent.started;discovery;de386ec1-c066-433c-b882-036de29dbfcd;EnergyTask;"{""agent_key"":""risk""}";2026-07-30 17:41:53.089763+00
3292bbad-3a2e-4068-a96e-0d49f6d43189;651ce83c-c112-48b0-adb1-f273a478b269;agent;Market Research started;Market Research agent began working on your idea.;/discovery/de386ec1-c066-433c-b882-036de29dbfcd;false;2026-07-30 17:41:53.546235+00;de386ec1-c066-433c-b882-036de29dbfcd;info;Market Research;agent.started;discovery;de386ec1-c066-433c-b882-036de29dbfcd;EnergyTask;"{""agent_key"":""market_research""}";2026-07-30 17:41:53.546235+00
06d19e83-c54a-4b70-b9f8-ff60800d7511;651ce83c-c112-48b0-adb1-f273a478b269;agent;Feasibility Analysis completed;Feasibility Analysis agent successfully completed.;/discovery/de386ec1-c066-433c-b882-036de29dbfcd;false;2026-07-30 17:41:58.366829+00;de386ec1-c066-433c-b882-036de29dbfcd;success;Feasibility Analysis;agent.completed;discovery;de386ec1-c066-433c-b882-036de29dbfcd;EnergyTask;"{""agent_key"":""feasibility""}";2026-07-30 17:41:58.366829+00
db00f02f-f764-4e99-a979-d99b118c1364;651ce83c-c112-48b0-adb1-f273a478b269;agent;Risk & Challenge completed;Risk & Challenge agent successfully completed.;/discovery/de386ec1-c066-433c-b882-036de29dbfcd;false;2026-07-30 17:41:58.688903+00;de386ec1-c066-433c-b882-036de29dbfcd;success;Risk & Challenge;agent.completed;discovery;de386ec1-c066-433c-b882-036de29dbfcd;EnergyTask;"{""agent_key"":""risk""}";2026-07-30 17:41:58.688903+00
03aa1b37-d5df-4e52-9b98-4cf5d185e849;651ce83c-c112-48b0-adb1-f273a478b269;error;Competitor Analysis failed;Competitor Analysis agent could not be started.;/discovery/de386ec1-c066-433c-b882-036de29dbfcd;false;2026-07-30 17:42:01.858885+00;de386ec1-c066-433c-b882-036de29dbfcd;error;Competitor Analysis;agent.failed;discovery;de386ec1-c066-433c-b882-036de29dbfcd;EnergyTask;"{""agent_key"":""competitor""}";2026-07-30 17:42:01.858885+00
4e3f818c-598f-4a1d-a484-6001b66388c9;651ce83c-c112-48b0-adb1-f273a478b269;analysis;Discovery Galaxy opened;Live agent orchestration started for this analysis.;/discovery/de386ec1-c066-433c-b882-036de29dbfcd;false;2026-07-30 17:42:20.975046+00;de386ec1-c066-433c-b882-036de29dbfcd;info;;galaxy.opened;;;;{};2026-07-30 17:42:20.975046+00
4830d3a1-f25a-488c-8c5d-c04a241d2b88;651ce83c-c112-48b0-adb1-f273a478b269;agent;Competitor Analysis completed;Competitor Analysis agent successfully completed.;/discovery/de386ec1-c066-433c-b882-036de29dbfcd;false;2026-07-30 17:42:30.543753+00;de386ec1-c066-433c-b882-036de29dbfcd;success;Competitor Analysis;agent.completed;discovery;de386ec1-c066-433c-b882-036de29dbfcd;EnergyTask;"{""agent_key"":""competitor""}";2026-07-30 17:42:30.543753+00
0c602c59-04e4-4aa2-98a1-ba1af578ca22;651ce83c-c112-48b0-adb1-f273a478b269;download;Report downloaded;The discovery report for EnergyTask was downloaded.;/discovery/de386ec1-c066-433c-b882-036de29dbfcd;false;2026-07-30 17:42:58.164526+00;de386ec1-c066-433c-b882-036de29dbfcd;success;;report.downloaded;report;de386ec1-c066-433c-b882-036de29dbfcd;EnergyTask;{};2026-07-30 17:42:58.164526+00
5ab1c18f-0958-417c-8d2b-5ffaa2292ce4;651ce83c-c112-48b0-adb1-f273a478b269;download;Competitor Analysis report downloaded;The Competitor Analysis report for EnergyTask was downloaded.;/discovery/de386ec1-c066-433c-b882-036de29dbfcd;false;2026-07-30 17:43:04.540889+00;de386ec1-c066-433c-b882-036de29dbfcd;success;;report.downloaded;report;de386ec1-c066-433c-b882-036de29dbfcd;EnergyTask;{};2026-07-30 17:43:04.540889+00
0dc15184-e27b-4751-9136-b1a123cf04eb;651ce83c-c112-48b0-adb1-f273a478b269;agent;Feasibility Analysis started;Feasibility Analysis agent began working on your idea.;/discovery/de386ec1-c066-433c-b882-036de29dbfcd;false;2026-07-30 17:41:53.242569+00;de386ec1-c066-433c-b882-036de29dbfcd;info;Feasibility Analysis;agent.started;discovery;de386ec1-c066-433c-b882-036de29dbfcd;EnergyTask;"{""agent_key"":""feasibility""}";2026-07-30 17:41:53.242569+00
00889b40-4e11-4a04-a6b0-6763b5766a23;651ce83c-c112-48b0-adb1-f273a478b269;agent;Market Research completed;Market Research agent successfully completed.;/discovery/de386ec1-c066-433c-b882-036de29dbfcd;false;2026-07-30 17:41:58.072851+00;de386ec1-c066-433c-b882-036de29dbfcd;success;Market Research;agent.completed;discovery;de386ec1-c066-433c-b882-036de29dbfcd;EnergyTask;"{""agent_key"":""market_research""}";2026-07-30 17:41:58.072851+00
62301820-f126-4000-9e41-1988e31a54ec;651ce83c-c112-48b0-adb1-f273a478b269;agent;Recommendation Engine started;Recommendation Engine agent began working on your idea.;/discovery/de386ec1-c066-433c-b882-036de29dbfcd;false;2026-07-30 17:41:53.391982+00;de386ec1-c066-433c-b882-036de29dbfcd;info;Recommendation Engine;agent.started;discovery;de386ec1-c066-433c-b882-036de29dbfcd;EnergyTask;"{""agent_key"":""recommendation""}";2026-07-30 17:41:53.391982+00
d6f489f5-8f5e-4df4-bc9d-9f0aa815e238;651ce83c-c112-48b0-adb1-f273a478b269;agent;Gap Analysis completed;Gap Analysis agent successfully completed.;/discovery/de386ec1-c066-433c-b882-036de29dbfcd;false;2026-07-30 17:41:58.229545+00;de386ec1-c066-433c-b882-036de29dbfcd;success;Gap Analysis;agent.completed;discovery;de386ec1-c066-433c-b882-036de29dbfcd;EnergyTask;"{""agent_key"":""gap""}";2026-07-30 17:41:58.229545+00
2b611685-ea7a-4488-adfc-680d6c3441af;651ce83c-c112-48b0-adb1-f273a478b269;agent;Recommendation Engine completed;Recommendation Engine agent successfully completed.;/discovery/de386ec1-c066-433c-b882-036de29dbfcd;false;2026-07-30 17:41:58.523582+00;de386ec1-c066-433c-b882-036de29dbfcd;success;Recommendation Engine;agent.completed;discovery;de386ec1-c066-433c-b882-036de29dbfcd;EnergyTask;"{""agent_key"":""recommendation""}";2026-07-30 17:41:58.523582+00
2210553b-12b9-4fb4-bff0-ff88049489b9;651ce83c-c112-48b0-adb1-f273a478b269;agent;Competitor Analysis started;Competitor Analysis agent began working on your idea.;/discovery/de386ec1-c066-433c-b882-036de29dbfcd;false;2026-07-30 17:42:21.427269+00;de386ec1-c066-433c-b882-036de29dbfcd;info;Competitor Analysis;agent.started;discovery;de386ec1-c066-433c-b882-036de29dbfcd;EnergyTask;"{""agent_key"":""competitor""}";2026-07-30 17:42:21.427269+00
be6ac35a-d3ce-4a3b-a949-b79d601bd357;651ce83c-c112-48b0-adb1-f273a478b269;download;Report downloaded;The discovery report for EnergyTask was downloaded.;/discovery/de386ec1-c066-433c-b882-036de29dbfcd;false;2026-07-30 17:45:15.524199+00;de386ec1-c066-433c-b882-036de29dbfcd;success;;report.downloaded;report;de386ec1-c066-433c-b882-036de29dbfcd;EnergyTask;{};2026-07-30 17:45:15.524199+00
4f3c622d-b638-48bf-a7f4-68526192031c;651ce83c-c112-48b0-adb1-f273a478b269;auth;Signed out;You signed out of AI Idea Forge.;/settings;false;2026-08-01 02:33:12.160001+00;;info;;auth.signed_out;profile;;;{};2026-08-01 02:33:12.160001+00
9ed2f37e-6753-4a66-9d5b-f4c6b536f32e;651ce83c-c112-48b0-adb1-f273a478b269;analysis;Discovery Galaxy opened;Live agent orchestration started for this analysis.;/discovery/de386ec1-c066-433c-b882-036de29dbfcd;false;2026-08-01 02:34:50.397411+00;de386ec1-c066-433c-b882-036de29dbfcd;info;;galaxy.opened;;;;{};2026-08-01 02:34:50.397411+00
67f5adf6-ec8e-4df9-9701-f29e3352d970;651ce83c-c112-48b0-adb1-f273a478b269;auth;Signed out;You signed out of AI Idea Forge.;/settings;false;2026-08-01 02:37:21.55795+00;;info;;auth.signed_out;profile;;;{};2026-08-01 02:37:21.55795+00
4b4c6e06-624a-4944-bb79-5eec6c4a2337;e87e1f6b-1658-4aee-b7d7-3de7970dccc4;analysis;Discovery Galaxy opened;Live agent orchestration started for this analysis.;/discovery/8474c971-0405-4e81-917c-5d7af7553e94;false;2026-08-01 02:40:43.580304+00;8474c971-0405-4e81-917c-5d7af7553e94;info;;galaxy.opened;;;;{};2026-08-01 02:40:43.580304+00
e3ee8b95-24d2-4639-9625-5e72280dcb38;e87e1f6b-1658-4aee-b7d7-3de7970dccc4;agent;Market Research completed;Market Research agent successfully completed.;/discovery/8474c971-0405-4e81-917c-5d7af7553e94;false;2026-08-01 02:40:44.147395+00;8474c971-0405-4e81-917c-5d7af7553e94;success;Market Research;agent.completed;discovery;8474c971-0405-4e81-917c-5d7af7553e94;StudyPlanPro;"{""agent_key"":""market_research""}";2026-08-01 02:40:44.147395+00
055ec2ba-cecb-4f9d-abe1-e175deb7714f;e87e1f6b-1658-4aee-b7d7-3de7970dccc4;agent;Competitor Analysis completed;Competitor Analysis agent successfully completed.;/discovery/8474c971-0405-4e81-917c-5d7af7553e94;false;2026-08-01 02:40:44.289438+00;8474c971-0405-4e81-917c-5d7af7553e94;success;Competitor Analysis;agent.completed;discovery;8474c971-0405-4e81-917c-5d7af7553e94;StudyPlanPro;"{""agent_key"":""competitor""}";2026-08-01 02:40:44.289438+00
f21161ca-6ba4-41c2-b648-7a377f395248;e87e1f6b-1658-4aee-b7d7-3de7970dccc4;agent;Gap Analysis completed;Gap Analysis agent successfully completed.;/discovery/8474c971-0405-4e81-917c-5d7af7553e94;false;2026-08-01 02:40:44.513405+00;8474c971-0405-4e81-917c-5d7af7553e94;success;Gap Analysis;agent.completed;discovery;8474c971-0405-4e81-917c-5d7af7553e94;StudyPlanPro;"{""agent_key"":""gap""}";2026-08-01 02:40:44.513405+00
2437978b-5567-45c3-82cb-e63a9fb5e0ad;e87e1f6b-1658-4aee-b7d7-3de7970dccc4;agent;Feasibility Analysis completed;Feasibility Analysis agent successfully completed.;/discovery/8474c971-0405-4e81-917c-5d7af7553e94;false;2026-08-01 02:40:44.720048+00;8474c971-0405-4e81-917c-5d7af7553e94;success;Feasibility Analysis;agent.completed;discovery;8474c971-0405-4e81-917c-5d7af7553e94;StudyPlanPro;"{""agent_key"":""feasibility""}";2026-08-01 02:40:44.720048+00
74551668-630e-450c-99f6-27ea440f8d4b;e87e1f6b-1658-4aee-b7d7-3de7970dccc4;agent;Recommendation Engine completed;Recommendation Engine agent successfully completed.;/discovery/8474c971-0405-4e81-917c-5d7af7553e94;false;2026-08-01 02:40:44.913582+00;8474c971-0405-4e81-917c-5d7af7553e94;success;Recommendation Engine;agent.completed;discovery;8474c971-0405-4e81-917c-5d7af7553e94;StudyPlanPro;"{""agent_key"":""recommendation""}";2026-08-01 02:40:44.913582+00
9cd19a2b-3a29-4c53-a4b4-6d1c55505c7c;e87e1f6b-1658-4aee-b7d7-3de7970dccc4;agent;Risk & Challenge completed;Risk & Challenge agent successfully completed.;/discovery/8474c971-0405-4e81-917c-5d7af7553e94;false;2026-08-01 02:40:45.118579+00;8474c971-0405-4e81-917c-5d7af7553e94;success;Risk & Challenge;agent.completed;discovery;8474c971-0405-4e81-917c-5d7af7553e94;StudyPlanPro;"{""agent_key"":""risk""}";2026-08-01 02:40:45.118579+00
80a71e2e-bfda-49b3-9fd4-e84ff2f9949f;e87e1f6b-1658-4aee-b7d7-3de7970dccc4;download;Report downloaded;The discovery report for StudyPlanPro was downloaded.;/discovery/8474c971-0405-4e81-917c-5d7af7553e94;false;2026-08-01 02:56:00.299842+00;8474c971-0405-4e81-917c-5d7af7553e94;success;;report.downloaded;report;8474c971-0405-4e81-917c-5d7af7553e94;StudyPlanPro;{};2026-08-01 02:56:00.299842+00
d0353c7b-aeb0-46fa-9d7a-6fcbf7255b8d;e87e1f6b-1658-4aee-b7d7-3de7970dccc4;auth;Signed out;You signed out of AI Idea Forge.;/settings;false;2026-08-01 07:00:42.765522+00;;info;;auth.signed_out;profile;;;{};2026-08-01 07:00:42.765522+00
e2f430ec-ed4e-4ce7-89b9-91bd1481a49f;e87e1f6b-1658-4aee-b7d7-3de7970dccc4;analysis;Discovery Galaxy opened;Live agent orchestration started for this analysis.;/discovery/0eb97ea8-b0a3-40cd-b9d8-74f36751d27b;false;2026-08-01 07:02:37.318322+00;0eb97ea8-b0a3-40cd-b9d8-74f36751d27b;info;;galaxy.opened;;;;{};2026-08-01 07:02:37.318322+00
dabc7beb-d8d7-4141-a415-c3f45e8ea250;e87e1f6b-1658-4aee-b7d7-3de7970dccc4;agent;Market Research completed;Market Research agent successfully completed.;/discovery/0eb97ea8-b0a3-40cd-b9d8-74f36751d27b;false;2026-08-01 07:02:37.73792+00;0eb97ea8-b0a3-40cd-b9d8-74f36751d27b;success;Market Research;agent.completed;discovery;0eb97ea8-b0a3-40cd-b9d8-74f36751d27b;Train Ticket Pro;"{""agent_key"":""market_research""}";2026-08-01 07:02:37.73792+00
0918bdaa-bcf0-4690-b532-0eb9a0b8e7cd;e87e1f6b-1658-4aee-b7d7-3de7970dccc4;agent;Competitor Analysis completed;Competitor Analysis agent successfully completed.;/discovery/0eb97ea8-b0a3-40cd-b9d8-74f36751d27b;false;2026-08-01 07:02:37.948108+00;0eb97ea8-b0a3-40cd-b9d8-74f36751d27b;success;Competitor Analysis;agent.completed;discovery;0eb97ea8-b0a3-40cd-b9d8-74f36751d27b;Train Ticket Pro;"{""agent_key"":""competitor""}";2026-08-01 07:02:37.948108+00
0d97b9a7-0bc9-4386-ae10-9343f41c3824;e87e1f6b-1658-4aee-b7d7-3de7970dccc4;agent;Gap Analysis completed;Gap Analysis agent successfully completed.;/discovery/0eb97ea8-b0a3-40cd-b9d8-74f36751d27b;false;2026-08-01 07:02:38.097129+00;0eb97ea8-b0a3-40cd-b9d8-74f36751d27b;success;Gap Analysis;agent.completed;discovery;0eb97ea8-b0a3-40cd-b9d8-74f36751d27b;Train Ticket Pro;"{""agent_key"":""gap""}";2026-08-01 07:02:38.097129+00
1530b2ab-762a-4088-ae41-27a3767da01e;e87e1f6b-1658-4aee-b7d7-3de7970dccc4;agent;Feasibility Analysis completed;Feasibility Analysis agent successfully completed.;/discovery/0eb97ea8-b0a3-40cd-b9d8-74f36751d27b;false;2026-08-01 07:02:38.257447+00;0eb97ea8-b0a3-40cd-b9d8-74f36751d27b;success;Feasibility Analysis;agent.completed;discovery;0eb97ea8-b0a3-40cd-b9d8-74f36751d27b;Train Ticket Pro;"{""agent_key"":""feasibility""}";2026-08-01 07:02:38.257447+00
55f336b6-1d7d-488b-88ef-24459b169f81;e87e1f6b-1658-4aee-b7d7-3de7970dccc4;agent;Recommendation Engine completed;Recommendation Engine agent successfully completed.;/discovery/0eb97ea8-b0a3-40cd-b9d8-74f36751d27b;false;2026-08-01 07:02:38.461979+00;0eb97ea8-b0a3-40cd-b9d8-74f36751d27b;success;Recommendation Engine;agent.completed;discovery;0eb97ea8-b0a3-40cd-b9d8-74f36751d27b;Train Ticket Pro;"{""agent_key"":""recommendation""}";2026-08-01 07:02:38.461979+00
ba2c7111-dde3-4b65-a6b6-afa75ccbc4ec;e87e1f6b-1658-4aee-b7d7-3de7970dccc4;agent;Risk & Challenge completed;Risk & Challenge agent successfully completed.;/discovery/0eb97ea8-b0a3-40cd-b9d8-74f36751d27b;false;2026-08-01 07:02:38.632561+00;0eb97ea8-b0a3-40cd-b9d8-74f36751d27b;success;Risk & Challenge;agent.completed;discovery;0eb97ea8-b0a3-40cd-b9d8-74f36751d27b;Train Ticket Pro;"{""agent_key"":""risk""}";2026-08-01 07:02:38.632561+00